timestamp,label,benchmark,avg_us,min_us,max_us
2026-04-26T11:53:24Z,v1.3.0-post,build_boot_seq_desktop,5,3,217
2026-04-26T11:53:24Z,v1.3.0-post,build_boot_seq_server,5,3,210
2026-04-26T11:53:24Z,v1.3.0-post,build_boot_seq_minimal,5,2,215
2026-04-26T11:53:24Z,v1.3.0-post,build_boot_seq_edge,5,3,210
2026-04-26T11:53:24Z,v1.3.0-post,init_new_desktop,26,23,126
2026-04-26T11:53:24Z,v1.3.0-post,init_new_minimal,17,13,229
2026-04-26T11:53:24Z,v1.3.0-post,init_new_edge,18,14,143
2026-04-26T11:53:24Z,v1.3.0-post,resolve_order_chain_10,12,8,108
2026-04-26T11:53:24Z,v1.3.0-post,resolve_order_chain_50,88,78,206
2026-04-26T11:53:24Z,v1.3.0-post,resolve_order_chain_100,208,190,350
2026-04-26T11:53:24Z,v1.3.0-post,resolve_waves_desktop,14,11,128
2026-04-26T11:53:24Z,v1.3.0-post,plan_shutdown_reboot,21,17,172
2026-04-26T11:53:24Z,v1.3.0-post,health_tracker_record,1,,12
2026-04-26T11:53:24Z,v1.3.0-post,health_history_record,1,,14
2026-04-26T11:53:24Z,v1.3.0-post,state_transition_check,1,,9
2026-04-26T11:53:24Z,v1.3.0-post,backoff_delay_compute,1,,9
2026-04-26T11:53:24Z,v1.3.0-post,generate_unit,6,4,465
2026-04-26T11:53:24Z,v1.3.0-post,on_service_crash,1,,17
2026-04-26T11:53:24Z,v1.3.0-post,resolve_order_desktop,11,8,95
2026-04-26T11:53:24Z,v1.3.0-post,resolve_waves_chain_20,58,55,133
2026-04-26T11:53:24Z,v1.3.0-post,resolve_waves_wide_20,14,11,108
2026-04-26T11:53:24Z,v1.3.0-post,plan_shutdown_poweroff,21,17,125
2026-04-26T11:53:24Z,v1.3.0-post,configure_readonly_rootfs,3,1,80
2026-04-26T11:53:24Z,v1.3.0-post,verify_rootfs_integrity,2,1,80
2026-04-26T11:53:24Z,v1.3.0-post,stats_desktop,2,,11
2026-04-26T11:53:24Z,v1.3.0-post,generate_tmpfile_cmds_20,14,12,116
2026-04-26T11:53:24Z,v1.3.0-post,plan_runlevel_switch,8,6,108
2026-04-26T11:53:24Z,v1.3.0-post,mark_all_steps_complete,78,72,282
2026-04-26T11:53:24Z,v1.3.0-post,audit_log_record,7,5,46
2026-04-26T11:53:24Z,v1.3.0-post,build_boot_seq_desktop,5,3,217
2026-04-26T11:53:24Z,v1.3.0-post,build_boot_seq_server,5,3,210
2026-04-26T11:53:24Z,v1.3.0-post,build_boot_seq_minimal,5,2,215
2026-04-26T11:53:24Z,v1.3.0-post,build_boot_seq_edge,5,3,210
2026-04-26T11:53:24Z,v1.3.0-post,init_new_desktop,26,23,126
2026-04-26T11:53:24Z,v1.3.0-post,init_new_minimal,17,13,229
2026-04-26T11:53:24Z,v1.3.0-post,init_new_edge,18,14,143
2026-04-26T11:53:24Z,v1.3.0-post,resolve_order_chain_10,12,8,108
2026-04-26T11:53:24Z,v1.3.0-post,resolve_order_chain_50,88,78,206
2026-04-26T11:53:24Z,v1.3.0-post,resolve_order_chain_100,208,190,350
2026-04-26T11:53:24Z,v1.3.0-post,resolve_waves_desktop,14,11,128
2026-04-26T11:53:24Z,v1.3.0-post,plan_shutdown_reboot,21,17,172
2026-04-26T11:53:24Z,v1.3.0-post,health_tracker_record,1,,12
2026-04-26T11:53:24Z,v1.3.0-post,health_history_record,1,,14
2026-04-26T11:53:24Z,v1.3.0-post,state_transition_check,1,,9
2026-04-26T11:53:24Z,v1.3.0-post,backoff_delay_compute,1,,9
2026-04-26T11:53:24Z,v1.3.0-post,generate_unit,6,4,465
2026-04-26T11:53:24Z,v1.3.0-post,on_service_crash,1,,17
2026-04-26T11:53:24Z,v1.3.0-post,resolve_order_desktop,11,8,95
2026-04-26T11:53:24Z,v1.3.0-post,resolve_waves_chain_20,58,55,133
2026-04-26T11:53:24Z,v1.3.0-post,resolve_waves_wide_20,14,11,108
2026-04-26T11:53:24Z,v1.3.0-post,plan_shutdown_poweroff,21,17,125
2026-04-26T11:53:24Z,v1.3.0-post,configure_readonly_rootfs,3,1,80
2026-04-26T11:53:24Z,v1.3.0-post,verify_rootfs_integrity,2,1,80
2026-04-26T11:53:24Z,v1.3.0-post,stats_desktop,2,,11
2026-04-26T11:53:24Z,v1.3.0-post,generate_tmpfile_cmds_20,14,12,116
2026-04-26T11:53:24Z,v1.3.0-post,plan_runlevel_switch,8,6,108
2026-04-26T11:53:24Z,v1.3.0-post,mark_all_steps_complete,78,72,282
2026-04-26T11:53:24Z,v1.3.0-post,audit_log_record,7,5,46
2026-04-26T11:59:16Z,v1.4.0-pre-audit,build_boot_seq_desktop,5,3,271
2026-04-26T11:59:16Z,v1.4.0-pre-audit,build_boot_seq_server,5,3,220
2026-04-26T11:59:16Z,v1.4.0-pre-audit,build_boot_seq_minimal,5,3,226
2026-04-26T11:59:16Z,v1.4.0-pre-audit,build_boot_seq_edge,5,3,223
2026-04-26T11:59:16Z,v1.4.0-pre-audit,init_new_desktop,27,23,253
2026-04-26T11:59:16Z,v1.4.0-pre-audit,init_new_minimal,17,14,224
2026-04-26T11:59:16Z,v1.4.0-pre-audit,init_new_edge,17,14,142
2026-04-26T11:59:16Z,v1.4.0-pre-audit,resolve_order_chain_10,11,8,152
2026-04-26T11:59:16Z,v1.4.0-pre-audit,resolve_order_chain_50,82,77,211
2026-04-26T11:59:16Z,v1.4.0-pre-audit,resolve_order_chain_100,201,191,333
2026-04-26T11:59:16Z,v1.4.0-pre-audit,resolve_waves_desktop,14,11,150
2026-04-26T11:59:16Z,v1.4.0-pre-audit,plan_shutdown_reboot,22,18,158
2026-04-26T11:59:16Z,v1.4.0-pre-audit,health_tracker_record,1,,19
2026-04-26T11:59:16Z,v1.4.0-pre-audit,health_history_record,1,,13
2026-04-26T11:59:16Z,v1.4.0-pre-audit,state_transition_check,1,,9
2026-04-26T11:59:16Z,v1.4.0-pre-audit,backoff_delay_compute,1,,11
2026-04-26T11:59:16Z,v1.4.0-pre-audit,generate_unit,6,4,476
2026-04-26T11:59:16Z,v1.4.0-pre-audit,on_service_crash,1,,15
2026-04-26T11:59:16Z,v1.4.0-pre-audit,resolve_order_desktop,11,8,146
2026-04-26T11:59:16Z,v1.4.0-pre-audit,resolve_waves_chain_20,59,56,191
2026-04-26T11:59:16Z,v1.4.0-pre-audit,resolve_waves_wide_20,14,11,150
2026-04-26T11:59:16Z,v1.4.0-pre-audit,plan_shutdown_poweroff,22,17,162
2026-04-26T11:59:16Z,v1.4.0-pre-audit,configure_readonly_rootfs,3,1,94
2026-04-26T11:59:16Z,v1.4.0-pre-audit,verify_rootfs_integrity,2,,95
2026-04-26T11:59:16Z,v1.4.0-pre-audit,stats_desktop,2,,12
2026-04-26T11:59:16Z,v1.4.0-pre-audit,generate_tmpfile_cmds_20,15,12,141
2026-04-26T11:59:16Z,v1.4.0-pre-audit,plan_runlevel_switch,9,6,95
2026-04-26T11:59:16Z,v1.4.0-pre-audit,mark_all_steps_complete,79,74,164
2026-04-26T11:59:16Z,v1.4.0-pre-audit,audit_log_record,7,5,53
2026-04-26T11:59:16Z,v1.4.0-pre-audit,build_boot_seq_desktop,5,3,271
2026-04-26T11:59:16Z,v1.4.0-pre-audit,build_boot_seq_server,5,3,220
2026-04-26T11:59:16Z,v1.4.0-pre-audit,build_boot_seq_minimal,5,3,226
2026-04-26T11:59:16Z,v1.4.0-pre-audit,build_boot_seq_edge,5,3,223
2026-04-26T11:59:16Z,v1.4.0-pre-audit,init_new_desktop,27,23,253
2026-04-26T11:59:16Z,v1.4.0-pre-audit,init_new_minimal,17,14,224
2026-04-26T11:59:16Z,v1.4.0-pre-audit,init_new_edge,17,14,142
2026-04-26T11:59:16Z,v1.4.0-pre-audit,resolve_order_chain_10,11,8,152
2026-04-26T11:59:16Z,v1.4.0-pre-audit,resolve_order_chain_50,82,77,211
2026-04-26T11:59:16Z,v1.4.0-pre-audit,resolve_order_chain_100,201,191,333
2026-04-26T11:59:16Z,v1.4.0-pre-audit,resolve_waves_desktop,14,11,150
2026-04-26T11:59:16Z,v1.4.0-pre-audit,plan_shutdown_reboot,22,18,158
2026-04-26T11:59:16Z,v1.4.0-pre-audit,health_tracker_record,1,,19
2026-04-26T11:59:16Z,v1.4.0-pre-audit,health_history_record,1,,13
2026-04-26T11:59:16Z,v1.4.0-pre-audit,state_transition_check,1,,9
2026-04-26T11:59:16Z,v1.4.0-pre-audit,backoff_delay_compute,1,,11
2026-04-26T11:59:16Z,v1.4.0-pre-audit,generate_unit,6,4,476
2026-04-26T11:59:16Z,v1.4.0-pre-audit,on_service_crash,1,,15
2026-04-26T11:59:16Z,v1.4.0-pre-audit,resolve_order_desktop,11,8,146
2026-04-26T11:59:16Z,v1.4.0-pre-audit,resolve_waves_chain_20,59,56,191
2026-04-26T11:59:16Z,v1.4.0-pre-audit,resolve_waves_wide_20,14,11,150
2026-04-26T11:59:16Z,v1.4.0-pre-audit,plan_shutdown_poweroff,22,17,162
2026-04-26T11:59:16Z,v1.4.0-pre-audit,configure_readonly_rootfs,3,1,94
2026-04-26T11:59:16Z,v1.4.0-pre-audit,verify_rootfs_integrity,2,,95
2026-04-26T11:59:16Z,v1.4.0-pre-audit,stats_desktop,2,,12
2026-04-26T11:59:16Z,v1.4.0-pre-audit,generate_tmpfile_cmds_20,15,12,141
2026-04-26T11:59:16Z,v1.4.0-pre-audit,plan_runlevel_switch,9,6,95
2026-04-26T11:59:16Z,v1.4.0-pre-audit,mark_all_steps_complete,79,74,164
2026-04-26T11:59:16Z,v1.4.0-pre-audit,audit_log_record,7,5,53
2026-04-26T12:12:26Z,v1.4.0-post-audit,build_boot_seq_desktop,5,3,215
2026-04-26T12:12:26Z,v1.4.0-post-audit,build_boot_seq_server,5,3,249
2026-04-26T12:12:26Z,v1.4.0-post-audit,build_boot_seq_minimal,5,3,216
2026-04-26T12:12:26Z,v1.4.0-post-audit,build_boot_seq_edge,4,3,222
2026-04-26T12:12:26Z,v1.4.0-post-audit,init_new_desktop,26,23,157
2026-04-26T12:12:26Z,v1.4.0-post-audit,init_new_minimal,16,14,147
2026-04-26T12:12:26Z,v1.4.0-post-audit,init_new_edge,17,14,152
2026-04-26T12:12:26Z,v1.4.0-post-audit,resolve_order_chain_10,10,8,157
2026-04-26T12:12:26Z,v1.4.0-post-audit,resolve_order_chain_50,83,78,917
2026-04-26T12:12:26Z,v1.4.0-post-audit,resolve_order_chain_100,201,192,329
2026-04-26T12:12:26Z,v1.4.0-post-audit,resolve_waves_desktop,13,11,150
2026-04-26T12:12:26Z,v1.4.0-post-audit,plan_shutdown_reboot,20,18,159
2026-04-26T12:12:26Z,v1.4.0-post-audit,health_tracker_record,1,,9
2026-04-26T12:12:26Z,v1.4.0-post-audit,health_history_record,1,,9
2026-04-26T12:12:26Z,v1.4.0-post-audit,state_transition_check,1,,10
2026-04-26T12:12:26Z,v1.4.0-post-audit,backoff_delay_compute,1,,9
2026-04-26T12:12:26Z,v1.4.0-post-audit,generate_unit,6,3,14
2026-04-26T12:12:26Z,v1.4.0-post-audit,on_service_crash,1,,130
2026-04-26T12:12:26Z,v1.4.0-post-audit,resolve_order_desktop,10,8,146
2026-04-26T12:12:26Z,v1.4.0-post-audit,resolve_waves_chain_20,58,56,195
2026-04-26T12:12:26Z,v1.4.0-post-audit,resolve_waves_wide_20,14,11,159
2026-04-26T12:12:26Z,v1.4.0-post-audit,plan_shutdown_poweroff,20,17,148
2026-04-26T12:12:26Z,v1.4.0-post-audit,configure_readonly_rootfs,3,1,93
2026-04-26T12:12:26Z,v1.4.0-post-audit,verify_rootfs_integrity,2,1,91
2026-04-26T12:12:26Z,v1.4.0-post-audit,stats_desktop,2,1,16
2026-04-26T12:12:26Z,v1.4.0-post-audit,generate_tmpfile_cmds_20,14,11,154
2026-04-26T12:12:26Z,v1.4.0-post-audit,plan_runlevel_switch,8,6,97
2026-04-26T12:12:26Z,v1.4.0-post-audit,mark_all_steps_complete,76,73,173
2026-04-26T12:12:26Z,v1.4.0-post-audit,audit_log_record,7,5,98
2026-04-26T12:12:26Z,v1.4.0-post-audit,build_boot_seq_desktop,5,3,215
2026-04-26T12:12:26Z,v1.4.0-post-audit,build_boot_seq_server,5,3,249
2026-04-26T12:12:26Z,v1.4.0-post-audit,build_boot_seq_minimal,5,3,216
2026-04-26T12:12:26Z,v1.4.0-post-audit,build_boot_seq_edge,4,3,222
2026-04-26T12:12:26Z,v1.4.0-post-audit,init_new_desktop,26,23,157
2026-04-26T12:12:26Z,v1.4.0-post-audit,init_new_minimal,16,14,147
2026-04-26T12:12:26Z,v1.4.0-post-audit,init_new_edge,17,14,152
2026-04-26T12:12:26Z,v1.4.0-post-audit,resolve_order_chain_10,10,8,157
2026-04-26T12:12:26Z,v1.4.0-post-audit,resolve_order_chain_50,83,78,917
2026-04-26T12:12:26Z,v1.4.0-post-audit,resolve_order_chain_100,201,192,329
2026-04-26T12:12:26Z,v1.4.0-post-audit,resolve_waves_desktop,13,11,150
2026-04-26T12:12:26Z,v1.4.0-post-audit,plan_shutdown_reboot,20,18,159
2026-04-26T12:12:26Z,v1.4.0-post-audit,health_tracker_record,1,,9
2026-04-26T12:12:26Z,v1.4.0-post-audit,health_history_record,1,,9
2026-04-26T12:12:26Z,v1.4.0-post-audit,state_transition_check,1,,10
2026-04-26T12:12:26Z,v1.4.0-post-audit,backoff_delay_compute,1,,9
2026-04-26T12:12:26Z,v1.4.0-post-audit,generate_unit,6,3,14
2026-04-26T12:12:26Z,v1.4.0-post-audit,on_service_crash,1,,130
2026-04-26T12:12:26Z,v1.4.0-post-audit,resolve_order_desktop,10,8,146
2026-04-26T12:12:26Z,v1.4.0-post-audit,resolve_waves_chain_20,58,56,195
2026-04-26T12:12:26Z,v1.4.0-post-audit,resolve_waves_wide_20,14,11,159
2026-04-26T12:12:26Z,v1.4.0-post-audit,plan_shutdown_poweroff,20,17,148
2026-04-26T12:12:26Z,v1.4.0-post-audit,configure_readonly_rootfs,3,1,93
2026-04-26T12:12:26Z,v1.4.0-post-audit,verify_rootfs_integrity,2,1,91
2026-04-26T12:12:26Z,v1.4.0-post-audit,stats_desktop,2,1,16
2026-04-26T12:12:26Z,v1.4.0-post-audit,generate_tmpfile_cmds_20,14,11,154
2026-04-26T12:12:26Z,v1.4.0-post-audit,plan_runlevel_switch,8,6,97
2026-04-26T12:12:26Z,v1.4.0-post-audit,mark_all_steps_complete,76,73,173
2026-04-26T12:12:26Z,v1.4.0-post-audit,audit_log_record,7,5,98
2026-05-11T02:48:57Z,1.5.5-baseline,build_boot_seq_desktop,5,3,222
2026-05-11T02:48:57Z,1.5.5-baseline,build_boot_seq_server,5,3,212
2026-05-11T02:48:57Z,1.5.5-baseline,build_boot_seq_minimal,5,3,127
2026-05-11T02:48:57Z,1.5.5-baseline,build_boot_seq_edge,5,2,132
2026-05-11T02:48:57Z,1.5.5-baseline,init_new_desktop,36,22,
2026-05-11T02:48:57Z,1.5.5-baseline,init_new_minimal,13,11,96
2026-05-11T02:48:57Z,1.5.5-baseline,init_new_edge,14,11,131
2026-05-11T02:48:57Z,1.5.5-baseline,resolve_order_chain_10,12,9,133
2026-05-11T02:48:57Z,1.5.5-baseline,resolve_order_chain_50,93,81,180
2026-05-11T02:48:57Z,1.5.5-baseline,resolve_order_chain_100,209,197,305
2026-05-11T02:48:57Z,1.5.5-baseline,resolve_waves_desktop,15,12,111
2026-05-11T02:48:57Z,1.5.5-baseline,plan_shutdown_reboot,18,14,103
2026-05-11T02:48:57Z,1.5.5-baseline,health_tracker_record,1,,12
2026-05-11T02:48:57Z,1.5.5-baseline,health_history_record,1,,16
2026-05-11T02:48:57Z,1.5.5-baseline,state_transition_check,1,,13
2026-05-11T02:48:57Z,1.5.5-baseline,backoff_delay_compute,1,,11
2026-05-11T02:48:57Z,1.5.5-baseline,generate_unit,7,5,29
2026-05-11T02:48:57Z,1.5.5-baseline,on_service_crash,1,,11
2026-05-11T02:48:57Z,1.5.5-baseline,resolve_order_desktop,12,9,142
2026-05-11T02:48:57Z,1.5.5-baseline,resolve_waves_chain_20,65,59,149
2026-05-11T02:48:57Z,1.5.5-baseline,resolve_waves_wide_20,15,12,124
2026-05-11T02:48:57Z,1.5.5-baseline,plan_shutdown_poweroff,18,15,109
2026-05-11T02:48:57Z,1.5.5-baseline,configure_readonly_rootfs,4,2,97
2026-05-11T02:48:57Z,1.5.5-baseline,verify_rootfs_integrity,3,1,15
2026-05-11T02:48:57Z,1.5.5-baseline,stats_desktop,2,1,89
2026-05-11T02:48:57Z,1.5.5-baseline,generate_tmpfile_cmds_20,20,17,130
2026-05-11T02:48:57Z,1.5.5-baseline,plan_runlevel_switch,8,6,95
2026-05-11T02:48:57Z,1.5.5-baseline,mark_all_steps_complete,70,61,185
2026-05-11T02:48:57Z,1.5.5-baseline,audit_log_record,8,5,129
2026-05-11T02:48:57Z,1.5.5-baseline,build_boot_seq_desktop,5,3,222
2026-05-11T02:48:57Z,1.5.5-baseline,build_boot_seq_server,5,3,212
2026-05-11T02:48:57Z,1.5.5-baseline,build_boot_seq_minimal,5,3,127
2026-05-11T02:48:57Z,1.5.5-baseline,build_boot_seq_edge,5,2,132
2026-05-11T02:48:57Z,1.5.5-baseline,init_new_desktop,36,22,
2026-05-11T02:48:57Z,1.5.5-baseline,init_new_minimal,13,11,96
2026-05-11T02:48:57Z,1.5.5-baseline,init_new_edge,14,11,131
2026-05-11T02:48:57Z,1.5.5-baseline,resolve_order_chain_10,12,9,133
2026-05-11T02:48:57Z,1.5.5-baseline,resolve_order_chain_50,93,81,180
2026-05-11T02:48:57Z,1.5.5-baseline,resolve_order_chain_100,209,197,305
2026-05-11T02:48:57Z,1.5.5-baseline,resolve_waves_desktop,15,12,111
2026-05-11T02:48:57Z,1.5.5-baseline,plan_shutdown_reboot,18,14,103
2026-05-11T02:48:57Z,1.5.5-baseline,health_tracker_record,1,,12
2026-05-11T02:48:57Z,1.5.5-baseline,health_history_record,1,,16
2026-05-11T02:48:57Z,1.5.5-baseline,state_transition_check,1,,13
2026-05-11T02:48:57Z,1.5.5-baseline,backoff_delay_compute,1,,11
2026-05-11T02:48:57Z,1.5.5-baseline,generate_unit,7,5,29
2026-05-11T02:48:57Z,1.5.5-baseline,on_service_crash,1,,11
2026-05-11T02:48:57Z,1.5.5-baseline,resolve_order_desktop,12,9,142
2026-05-11T02:48:57Z,1.5.5-baseline,resolve_waves_chain_20,65,59,149
2026-05-11T02:48:57Z,1.5.5-baseline,resolve_waves_wide_20,15,12,124
2026-05-11T02:48:57Z,1.5.5-baseline,plan_shutdown_poweroff,18,15,109
2026-05-11T02:48:57Z,1.5.5-baseline,configure_readonly_rootfs,4,2,97
2026-05-11T02:48:57Z,1.5.5-baseline,verify_rootfs_integrity,3,1,15
2026-05-11T02:48:57Z,1.5.5-baseline,stats_desktop,2,1,89
2026-05-11T02:48:57Z,1.5.5-baseline,generate_tmpfile_cmds_20,20,17,130
2026-05-11T02:48:57Z,1.5.5-baseline,plan_runlevel_switch,8,6,95
2026-05-11T02:48:57Z,1.5.5-baseline,mark_all_steps_complete,70,61,185
2026-05-11T02:48:57Z,1.5.5-baseline,audit_log_record,8,5,129
2026-05-11T02:56:43Z,1.5.5-post-audit,build_boot_seq_desktop,5,3,224
2026-05-11T02:56:43Z,1.5.5-post-audit,build_boot_seq_server,5,3,137
2026-05-11T02:56:43Z,1.5.5-post-audit,build_boot_seq_minimal,5,3,149
2026-05-11T02:56:43Z,1.5.5-post-audit,build_boot_seq_edge,5,3,131
2026-05-11T02:56:43Z,1.5.5-post-audit,init_new_desktop,36,22,
2026-05-11T02:56:43Z,1.5.5-post-audit,init_new_minimal,13,10,95
2026-05-11T02:56:43Z,1.5.5-post-audit,init_new_edge,13,11,95
2026-05-11T02:56:43Z,1.5.5-post-audit,resolve_order_chain_10,12,9,146
2026-05-11T02:56:43Z,1.5.5-post-audit,resolve_order_chain_50,92,82,180
2026-05-11T02:56:43Z,1.5.5-post-audit,resolve_order_chain_100,221,199,324
2026-05-11T02:56:43Z,1.5.5-post-audit,resolve_waves_desktop,15,12,108
2026-05-11T02:56:43Z,1.5.5-post-audit,plan_shutdown_reboot,18,15,102
2026-05-11T02:56:43Z,1.5.5-post-audit,health_tracker_record,1,,11
2026-05-11T02:56:43Z,1.5.5-post-audit,health_history_record,1,,41
2026-05-11T02:56:43Z,1.5.5-post-audit,state_transition_check,1,,11
2026-05-11T02:56:43Z,1.5.5-post-audit,backoff_delay_compute,1,,11
2026-05-11T02:56:43Z,1.5.5-post-audit,generate_unit,7,5,162
2026-05-11T02:56:43Z,1.5.5-post-audit,on_service_crash,1,,17
2026-05-11T02:56:43Z,1.5.5-post-audit,resolve_order_desktop,12,9,110
2026-05-11T02:56:43Z,1.5.5-post-audit,resolve_waves_chain_20,66,59,172
2026-05-11T02:56:43Z,1.5.5-post-audit,resolve_waves_wide_20,15,12,124
2026-05-11T02:56:43Z,1.5.5-post-audit,plan_shutdown_poweroff,18,14,106
2026-05-11T02:56:43Z,1.5.5-post-audit,configure_readonly_rootfs,4,2,97
2026-05-11T02:56:43Z,1.5.5-post-audit,verify_rootfs_integrity,3,1,18
2026-05-11T02:56:43Z,1.5.5-post-audit,stats_desktop,2,1,95
2026-05-11T02:56:43Z,1.5.5-post-audit,generate_tmpfile_cmds_20,20,17,141
2026-05-11T02:56:43Z,1.5.5-post-audit,plan_runlevel_switch,7,6,105
2026-05-11T02:56:43Z,1.5.5-post-audit,mark_all_steps_complete,78,61,210
2026-05-11T02:56:43Z,1.5.5-post-audit,audit_log_record,8,5,49
2026-05-11T02:56:43Z,1.5.5-post-audit,build_boot_seq_desktop,5,3,224
2026-05-11T02:56:43Z,1.5.5-post-audit,build_boot_seq_server,5,3,137
2026-05-11T02:56:43Z,1.5.5-post-audit,build_boot_seq_minimal,5,3,149
2026-05-11T02:56:43Z,1.5.5-post-audit,build_boot_seq_edge,5,3,131
2026-05-11T02:56:43Z,1.5.5-post-audit,init_new_desktop,36,22,
2026-05-11T02:56:43Z,1.5.5-post-audit,init_new_minimal,13,10,95
2026-05-11T02:56:43Z,1.5.5-post-audit,init_new_edge,13,11,95
2026-05-11T02:56:43Z,1.5.5-post-audit,resolve_order_chain_10,12,9,146
2026-05-11T02:56:43Z,1.5.5-post-audit,resolve_order_chain_50,92,82,180
2026-05-11T02:56:43Z,1.5.5-post-audit,resolve_order_chain_100,221,199,324
2026-05-11T02:56:43Z,1.5.5-post-audit,resolve_waves_desktop,15,12,108
2026-05-11T02:56:43Z,1.5.5-post-audit,plan_shutdown_reboot,18,15,102
2026-05-11T02:56:43Z,1.5.5-post-audit,health_tracker_record,1,,11
2026-05-11T02:56:43Z,1.5.5-post-audit,health_history_record,1,,41
2026-05-11T02:56:43Z,1.5.5-post-audit,state_transition_check,1,,11
2026-05-11T02:56:43Z,1.5.5-post-audit,backoff_delay_compute,1,,11
2026-05-11T02:56:43Z,1.5.5-post-audit,generate_unit,7,5,162
2026-05-11T02:56:43Z,1.5.5-post-audit,on_service_crash,1,,17
2026-05-11T02:56:43Z,1.5.5-post-audit,resolve_order_desktop,12,9,110
2026-05-11T02:56:43Z,1.5.5-post-audit,resolve_waves_chain_20,66,59,172
2026-05-11T02:56:43Z,1.5.5-post-audit,resolve_waves_wide_20,15,12,124
2026-05-11T02:56:43Z,1.5.5-post-audit,plan_shutdown_poweroff,18,14,106
2026-05-11T02:56:43Z,1.5.5-post-audit,configure_readonly_rootfs,4,2,97
2026-05-11T02:56:43Z,1.5.5-post-audit,verify_rootfs_integrity,3,1,18
2026-05-11T02:56:43Z,1.5.5-post-audit,stats_desktop,2,1,95
2026-05-11T02:56:43Z,1.5.5-post-audit,generate_tmpfile_cmds_20,20,17,141
2026-05-11T02:56:43Z,1.5.5-post-audit,plan_runlevel_switch,7,6,105
2026-05-11T02:56:43Z,1.5.5-post-audit,mark_all_steps_complete,78,61,210
2026-05-11T02:56:43Z,1.5.5-post-audit,audit_log_record,8,5,49
2026-05-11T04:34:38Z,1.6.3-baseline,build_boot_seq_desktop,5,3,218
2026-05-11T04:34:38Z,1.6.3-baseline,build_boot_seq_server,5,3,198
2026-05-11T04:34:38Z,1.6.3-baseline,build_boot_seq_minimal,5,3,139
2026-05-11T04:34:38Z,1.6.3-baseline,build_boot_seq_edge,5,3,131
2026-05-11T04:34:38Z,1.6.3-baseline,init_new_desktop,36,22,
2026-05-11T04:34:38Z,1.6.3-baseline,init_new_minimal,14,11,129
2026-05-11T04:34:38Z,1.6.3-baseline,init_new_edge,14,11,100
2026-05-11T04:34:38Z,1.6.3-baseline,resolve_order_chain_10,12,9,113
2026-05-11T04:34:38Z,1.6.3-baseline,resolve_order_chain_50,87,82,112
2026-05-11T04:34:38Z,1.6.3-baseline,resolve_order_chain_100,216,199,297
2026-05-11T04:34:38Z,1.6.3-baseline,resolve_waves_desktop,15,12,108
2026-05-11T04:34:38Z,1.6.3-baseline,plan_shutdown_reboot,18,14,123
2026-05-11T04:34:38Z,1.6.3-baseline,health_tracker_record,1,,16
2026-05-11T04:34:38Z,1.6.3-baseline,health_history_record,1,,12
2026-05-11T04:34:38Z,1.6.3-baseline,state_transition_check,1,,21
2026-05-11T04:34:38Z,1.6.3-baseline,backoff_delay_compute,1,,33
2026-05-11T04:34:38Z,1.6.3-baseline,generate_unit,7,5,94
2026-05-11T04:34:38Z,1.6.3-baseline,on_service_crash,1,,24
2026-05-11T04:34:38Z,1.6.3-baseline,resolve_order_desktop,12,9,92
2026-05-11T04:34:38Z,1.6.3-baseline,resolve_waves_chain_20,66,60,201
2026-05-11T04:34:38Z,1.6.3-baseline,resolve_waves_wide_20,15,12,108
2026-05-11T04:34:38Z,1.6.3-baseline,plan_shutdown_poweroff,18,14,101
2026-05-11T04:34:38Z,1.6.3-baseline,configure_readonly_rootfs,4,2,91
2026-05-11T04:34:38Z,1.6.3-baseline,verify_rootfs_integrity,3,1,89
2026-05-11T04:34:38Z,1.6.3-baseline,stats_desktop,2,1,14
2026-05-11T04:34:38Z,1.6.3-baseline,generate_tmpfile_cmds_20,20,17,120
2026-05-11T04:34:38Z,1.6.3-baseline,plan_runlevel_switch,7,6,104
2026-05-11T04:34:38Z,1.6.3-baseline,mark_all_steps_complete,74,61,765
2026-05-11T04:34:38Z,1.6.3-baseline,audit_log_record,8,5,100
2026-05-11T04:34:38Z,1.6.3-baseline,build_boot_seq_desktop,5,3,218
2026-05-11T04:34:38Z,1.6.3-baseline,build_boot_seq_server,5,3,198
2026-05-11T04:34:38Z,1.6.3-baseline,build_boot_seq_minimal,5,3,139
2026-05-11T04:34:38Z,1.6.3-baseline,build_boot_seq_edge,5,3,131
2026-05-11T04:34:38Z,1.6.3-baseline,init_new_desktop,36,22,
2026-05-11T04:34:38Z,1.6.3-baseline,init_new_minimal,14,11,129
2026-05-11T04:34:38Z,1.6.3-baseline,init_new_edge,14,11,100
2026-05-11T04:34:38Z,1.6.3-baseline,resolve_order_chain_10,12,9,113
2026-05-11T04:34:38Z,1.6.3-baseline,resolve_order_chain_50,87,82,112
2026-05-11T04:34:38Z,1.6.3-baseline,resolve_order_chain_100,216,199,297
2026-05-11T04:34:38Z,1.6.3-baseline,resolve_waves_desktop,15,12,108
2026-05-11T04:34:38Z,1.6.3-baseline,plan_shutdown_reboot,18,14,123
2026-05-11T04:34:38Z,1.6.3-baseline,health_tracker_record,1,,16
2026-05-11T04:34:38Z,1.6.3-baseline,health_history_record,1,,12
2026-05-11T04:34:38Z,1.6.3-baseline,state_transition_check,1,,21
2026-05-11T04:34:38Z,1.6.3-baseline,backoff_delay_compute,1,,33
2026-05-11T04:34:38Z,1.6.3-baseline,generate_unit,7,5,94
2026-05-11T04:34:38Z,1.6.3-baseline,on_service_crash,1,,24
2026-05-11T04:34:38Z,1.6.3-baseline,resolve_order_desktop,12,9,92
2026-05-11T04:34:38Z,1.6.3-baseline,resolve_waves_chain_20,66,60,201
2026-05-11T04:34:38Z,1.6.3-baseline,resolve_waves_wide_20,15,12,108
2026-05-11T04:34:38Z,1.6.3-baseline,plan_shutdown_poweroff,18,14,101
2026-05-11T04:34:38Z,1.6.3-baseline,configure_readonly_rootfs,4,2,91
2026-05-11T04:34:38Z,1.6.3-baseline,verify_rootfs_integrity,3,1,89
2026-05-11T04:34:38Z,1.6.3-baseline,stats_desktop,2,1,14
2026-05-11T04:34:38Z,1.6.3-baseline,generate_tmpfile_cmds_20,20,17,120
2026-05-11T04:34:38Z,1.6.3-baseline,plan_runlevel_switch,7,6,104
2026-05-11T04:34:38Z,1.6.3-baseline,mark_all_steps_complete,74,61,765
2026-05-11T04:34:38Z,1.6.3-baseline,audit_log_record,8,5,100
2026-05-11T04:39:31Z,1.6.3-post-audit,build_boot_seq_desktop,5,3,220
2026-05-11T04:39:31Z,1.6.3-post-audit,build_boot_seq_server,5,3,223
2026-05-11T04:39:31Z,1.6.3-post-audit,build_boot_seq_minimal,5,3,141
2026-05-11T04:39:31Z,1.6.3-post-audit,build_boot_seq_edge,5,3,134
2026-05-11T04:39:31Z,1.6.3-post-audit,init_new_desktop,36,22,
2026-05-11T04:39:31Z,1.6.3-post-audit,init_new_minimal,13,10,129
2026-05-11T04:39:31Z,1.6.3-post-audit,init_new_edge,13,11,95
2026-05-11T04:39:31Z,1.6.3-post-audit,resolve_order_chain_10,12,9,125
2026-05-11T04:39:31Z,1.6.3-post-audit,resolve_order_chain_50,92,81,183
2026-05-11T04:39:31Z,1.6.3-post-audit,resolve_order_chain_100,217,198,325
2026-05-11T04:39:31Z,1.6.3-post-audit,resolve_waves_desktop,15,12,140
2026-05-11T04:39:31Z,1.6.3-post-audit,plan_shutdown_reboot,18,15,134
2026-05-11T04:39:31Z,1.6.3-post-audit,health_tracker_record,1,,15
2026-05-11T04:39:31Z,1.6.3-post-audit,health_history_record,1,,18
2026-05-11T04:39:31Z,1.6.3-post-audit,state_transition_check,1,,11
2026-05-11T04:39:31Z,1.6.3-post-audit,backoff_delay_compute,1,,15
2026-05-11T04:39:31Z,1.6.3-post-audit,generate_unit,7,4,32
2026-05-11T04:39:31Z,1.6.3-post-audit,on_service_crash,1,,18
2026-05-11T04:39:31Z,1.6.3-post-audit,resolve_order_desktop,12,9,102
2026-05-11T04:39:31Z,1.6.3-post-audit,resolve_waves_chain_20,65,59,156
2026-05-11T04:39:31Z,1.6.3-post-audit,resolve_waves_wide_20,15,12,137
2026-05-11T04:39:31Z,1.6.3-post-audit,plan_shutdown_poweroff,17,14,92
2026-05-11T04:39:31Z,1.6.3-post-audit,configure_readonly_rootfs,4,2,88
2026-05-11T04:39:31Z,1.6.3-post-audit,verify_rootfs_integrity,3,1,51
2026-05-11T04:39:31Z,1.6.3-post-audit,stats_desktop,2,1,33
2026-05-11T04:39:31Z,1.6.3-post-audit,generate_tmpfile_cmds_20,20,18,167
2026-05-11T04:39:31Z,1.6.3-post-audit,plan_runlevel_switch,9,5,98
2026-05-11T04:39:31Z,1.6.3-post-audit,mark_all_steps_complete,70,62,114
2026-05-11T04:39:31Z,1.6.3-post-audit,audit_log_record,8,5,99
2026-05-11T04:39:31Z,1.6.3-post-audit,build_boot_seq_desktop,5,3,220
2026-05-11T04:39:31Z,1.6.3-post-audit,build_boot_seq_server,5,3,223
2026-05-11T04:39:31Z,1.6.3-post-audit,build_boot_seq_minimal,5,3,141
2026-05-11T04:39:31Z,1.6.3-post-audit,build_boot_seq_edge,5,3,134
2026-05-11T04:39:31Z,1.6.3-post-audit,init_new_desktop,36,22,
2026-05-11T04:39:31Z,1.6.3-post-audit,init_new_minimal,13,10,129
2026-05-11T04:39:31Z,1.6.3-post-audit,init_new_edge,13,11,95
2026-05-11T04:39:31Z,1.6.3-post-audit,resolve_order_chain_10,12,9,125
2026-05-11T04:39:31Z,1.6.3-post-audit,resolve_order_chain_50,92,81,183
2026-05-11T04:39:31Z,1.6.3-post-audit,resolve_order_chain_100,217,198,325
2026-05-11T04:39:31Z,1.6.3-post-audit,resolve_waves_desktop,15,12,140
2026-05-11T04:39:31Z,1.6.3-post-audit,plan_shutdown_reboot,18,15,134
2026-05-11T04:39:31Z,1.6.3-post-audit,health_tracker_record,1,,15
2026-05-11T04:39:31Z,1.6.3-post-audit,health_history_record,1,,18
2026-05-11T04:39:31Z,1.6.3-post-audit,state_transition_check,1,,11
2026-05-11T04:39:31Z,1.6.3-post-audit,backoff_delay_compute,1,,15
2026-05-11T04:39:31Z,1.6.3-post-audit,generate_unit,7,4,32
2026-05-11T04:39:31Z,1.6.3-post-audit,on_service_crash,1,,18
2026-05-11T04:39:31Z,1.6.3-post-audit,resolve_order_desktop,12,9,102
2026-05-11T04:39:31Z,1.6.3-post-audit,resolve_waves_chain_20,65,59,156
2026-05-11T04:39:31Z,1.6.3-post-audit,resolve_waves_wide_20,15,12,137
2026-05-11T04:39:31Z,1.6.3-post-audit,plan_shutdown_poweroff,17,14,92
2026-05-11T04:39:31Z,1.6.3-post-audit,configure_readonly_rootfs,4,2,88
2026-05-11T04:39:31Z,1.6.3-post-audit,verify_rootfs_integrity,3,1,51
2026-05-11T04:39:31Z,1.6.3-post-audit,stats_desktop,2,1,33
2026-05-11T04:39:31Z,1.6.3-post-audit,generate_tmpfile_cmds_20,20,18,167
2026-05-11T04:39:31Z,1.6.3-post-audit,plan_runlevel_switch,9,5,98
2026-05-11T04:39:31Z,1.6.3-post-audit,mark_all_steps_complete,70,62,114
2026-05-11T04:39:31Z,1.6.3-post-audit,audit_log_record,8,5,99
2026-05-21T18:29:39Z,1.7.1-toolchain-bump,build_boot_seq_desktop,5,3,95
2026-05-21T18:29:39Z,1.7.1-toolchain-bump,build_boot_seq_server,5,3,124
2026-05-21T18:29:39Z,1.7.1-toolchain-bump,build_boot_seq_minimal,5,3,122
2026-05-21T18:29:39Z,1.7.1-toolchain-bump,build_boot_seq_edge,5,3,93
2026-05-21T18:29:39Z,1.7.1-toolchain-bump,init_new_desktop,35,21,
2026-05-21T18:29:39Z,1.7.1-toolchain-bump,init_new_minimal,13,11,24
2026-05-21T18:29:39Z,1.7.1-toolchain-bump,init_new_edge,13,10,53
2026-05-21T18:29:39Z,1.7.1-toolchain-bump,resolve_order_chain_10,11,9,69
2026-05-21T18:29:39Z,1.7.1-toolchain-bump,resolve_order_chain_50,84,80,143
2026-05-21T18:29:39Z,1.7.1-toolchain-bump,resolve_order_chain_100,207,197,312
2026-05-21T18:29:39Z,1.7.1-toolchain-bump,resolve_waves_desktop,15,12,62
2026-05-21T18:29:39Z,1.7.1-toolchain-bump,plan_shutdown_reboot,17,14,70
2026-05-21T18:29:39Z,1.7.1-toolchain-bump,health_tracker_record,1,,10
2026-05-21T18:29:39Z,1.7.1-toolchain-bump,health_history_record,1,,10
2026-05-21T18:29:39Z,1.7.1-toolchain-bump,state_transition_check,1,,11
2026-05-21T18:29:39Z,1.7.1-toolchain-bump,backoff_delay_compute,1,,10
2026-05-21T18:29:39Z,1.7.1-toolchain-bump,generate_unit,6,5,60
2026-05-21T18:29:39Z,1.7.1-toolchain-bump,on_service_crash,1,,10
2026-05-21T18:29:39Z,1.7.1-toolchain-bump,resolve_order_desktop,11,9,58
2026-05-21T18:29:39Z,1.7.1-toolchain-bump,resolve_waves_chain_20,62,58,520
2026-05-21T18:29:39Z,1.7.1-toolchain-bump,resolve_waves_wide_20,14,12,59
2026-05-21T18:29:39Z,1.7.1-toolchain-bump,plan_shutdown_poweroff,17,14,68
2026-05-21T18:29:39Z,1.7.1-toolchain-bump,configure_readonly_rootfs,4,2,48
2026-05-21T18:29:39Z,1.7.1-toolchain-bump,verify_rootfs_integrity,3,1,46
2026-05-21T18:29:39Z,1.7.1-toolchain-bump,stats_desktop,2,1,12
2026-05-21T18:29:39Z,1.7.1-toolchain-bump,generate_tmpfile_cmds_20,19,17,83
2026-05-21T18:29:39Z,1.7.1-toolchain-bump,plan_runlevel_switch,7,5,59
2026-05-21T18:29:39Z,1.7.1-toolchain-bump,mark_all_steps_complete,68,61,121
2026-05-21T18:29:39Z,1.7.1-toolchain-bump,audit_log_record,7,5,55
2026-05-21T18:29:39Z,1.7.1-toolchain-bump,build_boot_seq_desktop,5,3,95
2026-05-21T18:29:39Z,1.7.1-toolchain-bump,build_boot_seq_server,5,3,124
2026-05-21T18:29:39Z,1.7.1-toolchain-bump,build_boot_seq_minimal,5,3,122
2026-05-21T18:29:39Z,1.7.1-toolchain-bump,build_boot_seq_edge,5,3,93
2026-05-21T18:29:39Z,1.7.1-toolchain-bump,init_new_desktop,35,21,
2026-05-21T18:29:39Z,1.7.1-toolchain-bump,init_new_minimal,13,11,24
2026-05-21T18:29:39Z,1.7.1-toolchain-bump,init_new_edge,13,10,53
2026-05-21T18:29:39Z,1.7.1-toolchain-bump,resolve_order_chain_10,11,9,69
2026-05-21T18:29:39Z,1.7.1-toolchain-bump,resolve_order_chain_50,84,80,143
2026-05-21T18:29:39Z,1.7.1-toolchain-bump,resolve_order_chain_100,207,197,312
2026-05-21T18:29:39Z,1.7.1-toolchain-bump,resolve_waves_desktop,15,12,62
2026-05-21T18:29:39Z,1.7.1-toolchain-bump,plan_shutdown_reboot,17,14,70
2026-05-21T18:29:39Z,1.7.1-toolchain-bump,health_tracker_record,1,,10
2026-05-21T18:29:39Z,1.7.1-toolchain-bump,health_history_record,1,,10
2026-05-21T18:29:39Z,1.7.1-toolchain-bump,state_transition_check,1,,11
2026-05-21T18:29:39Z,1.7.1-toolchain-bump,backoff_delay_compute,1,,10
2026-05-21T18:29:39Z,1.7.1-toolchain-bump,generate_unit,6,5,60
2026-05-21T18:29:39Z,1.7.1-toolchain-bump,on_service_crash,1,,10
2026-05-21T18:29:39Z,1.7.1-toolchain-bump,resolve_order_desktop,11,9,58
2026-05-21T18:29:39Z,1.7.1-toolchain-bump,resolve_waves_chain_20,62,58,520
2026-05-21T18:29:39Z,1.7.1-toolchain-bump,resolve_waves_wide_20,14,12,59
2026-05-21T18:29:39Z,1.7.1-toolchain-bump,plan_shutdown_poweroff,17,14,68
2026-05-21T18:29:39Z,1.7.1-toolchain-bump,configure_readonly_rootfs,4,2,48
2026-05-21T18:29:39Z,1.7.1-toolchain-bump,verify_rootfs_integrity,3,1,46
2026-05-21T18:29:39Z,1.7.1-toolchain-bump,stats_desktop,2,1,12
2026-05-21T18:29:39Z,1.7.1-toolchain-bump,generate_tmpfile_cmds_20,19,17,83
2026-05-21T18:29:39Z,1.7.1-toolchain-bump,plan_runlevel_switch,7,5,59
2026-05-21T18:29:39Z,1.7.1-toolchain-bump,mark_all_steps_complete,68,61,121
2026-05-21T18:29:39Z,1.7.1-toolchain-bump,audit_log_record,7,5,55
2026-05-28T21:12:36Z,1.7.1-patra-1.10.3,build_boot_seq_desktop,5,3,209
2026-05-28T21:12:36Z,1.7.1-patra-1.10.3,build_boot_seq_server,5,3,109
2026-05-28T21:12:36Z,1.7.1-patra-1.10.3,build_boot_seq_minimal,5,3,108
2026-05-28T21:12:36Z,1.7.1-patra-1.10.3,build_boot_seq_edge,5,3,91
2026-05-28T21:12:36Z,1.7.1-patra-1.10.3,init_new_desktop,36,22,
2026-05-28T21:12:36Z,1.7.1-patra-1.10.3,init_new_minimal,14,12,64
2026-05-28T21:12:36Z,1.7.1-patra-1.10.3,init_new_edge,13,11,56
2026-05-28T21:12:36Z,1.7.1-patra-1.10.3,resolve_order_chain_10,11,9,56
2026-05-28T21:12:36Z,1.7.1-patra-1.10.3,resolve_order_chain_50,86,81,136
2026-05-28T21:12:36Z,1.7.1-patra-1.10.3,resolve_order_chain_100,206,196,245
2026-05-28T21:12:36Z,1.7.1-patra-1.10.3,resolve_waves_desktop,14,12,80
2026-05-28T21:12:36Z,1.7.1-patra-1.10.3,plan_shutdown_reboot,17,14,427
2026-05-28T21:12:36Z,1.7.1-patra-1.10.3,health_tracker_record,1,,11
2026-05-28T21:12:36Z,1.7.1-patra-1.10.3,health_history_record,1,,20
2026-05-28T21:12:36Z,1.7.1-patra-1.10.3,state_transition_check,1,,11
2026-05-28T21:12:36Z,1.7.1-patra-1.10.3,backoff_delay_compute,1,,11
2026-05-28T21:12:36Z,1.7.1-patra-1.10.3,generate_unit,7,5,447
2026-05-28T21:12:36Z,1.7.1-patra-1.10.3,on_service_crash,1,,10
2026-05-28T21:12:36Z,1.7.1-patra-1.10.3,resolve_order_desktop,11,9,56
2026-05-28T21:12:36Z,1.7.1-patra-1.10.3,resolve_waves_chain_20,61,59,109
2026-05-28T21:12:36Z,1.7.1-patra-1.10.3,resolve_waves_wide_20,14,12,78
2026-05-28T21:12:36Z,1.7.1-patra-1.10.3,plan_shutdown_poweroff,17,14,64
2026-05-28T21:12:36Z,1.7.1-patra-1.10.3,configure_readonly_rootfs,4,2,55
2026-05-28T21:12:36Z,1.7.1-patra-1.10.3,verify_rootfs_integrity,3,1,46
2026-05-28T21:12:36Z,1.7.1-patra-1.10.3,stats_desktop,2,1,13
2026-05-28T21:12:36Z,1.7.1-patra-1.10.3,generate_tmpfile_cmds_20,19,17,94
2026-05-28T21:12:36Z,1.7.1-patra-1.10.3,plan_runlevel_switch,7,6,40
2026-05-28T21:12:36Z,1.7.1-patra-1.10.3,mark_all_steps_complete,65,60,124
2026-05-28T21:12:36Z,1.7.1-patra-1.10.3,audit_log_record,7,5,61
2026-05-28T21:12:36Z,1.7.1-patra-1.10.3,build_boot_seq_desktop,5,3,209
2026-05-28T21:12:36Z,1.7.1-patra-1.10.3,build_boot_seq_server,5,3,109
2026-05-28T21:12:36Z,1.7.1-patra-1.10.3,build_boot_seq_minimal,5,3,108
2026-05-28T21:12:36Z,1.7.1-patra-1.10.3,build_boot_seq_edge,5,3,91
2026-05-28T21:12:36Z,1.7.1-patra-1.10.3,init_new_desktop,36,22,
2026-05-28T21:12:36Z,1.7.1-patra-1.10.3,init_new_minimal,14,12,64
2026-05-28T21:12:36Z,1.7.1-patra-1.10.3,init_new_edge,13,11,56
2026-05-28T21:12:36Z,1.7.1-patra-1.10.3,resolve_order_chain_10,11,9,56
2026-05-28T21:12:36Z,1.7.1-patra-1.10.3,resolve_order_chain_50,86,81,136
2026-05-28T21:12:36Z,1.7.1-patra-1.10.3,resolve_order_chain_100,206,196,245
2026-05-28T21:12:36Z,1.7.1-patra-1.10.3,resolve_waves_desktop,14,12,80
2026-05-28T21:12:36Z,1.7.1-patra-1.10.3,plan_shutdown_reboot,17,14,427
2026-05-28T21:12:36Z,1.7.1-patra-1.10.3,health_tracker_record,1,,11
2026-05-28T21:12:36Z,1.7.1-patra-1.10.3,health_history_record,1,,20
2026-05-28T21:12:36Z,1.7.1-patra-1.10.3,state_transition_check,1,,11
2026-05-28T21:12:36Z,1.7.1-patra-1.10.3,backoff_delay_compute,1,,11
2026-05-28T21:12:36Z,1.7.1-patra-1.10.3,generate_unit,7,5,447
2026-05-28T21:12:36Z,1.7.1-patra-1.10.3,on_service_crash,1,,10
2026-05-28T21:12:36Z,1.7.1-patra-1.10.3,resolve_order_desktop,11,9,56
2026-05-28T21:12:36Z,1.7.1-patra-1.10.3,resolve_waves_chain_20,61,59,109
2026-05-28T21:12:36Z,1.7.1-patra-1.10.3,resolve_waves_wide_20,14,12,78
2026-05-28T21:12:36Z,1.7.1-patra-1.10.3,plan_shutdown_poweroff,17,14,64
2026-05-28T21:12:36Z,1.7.1-patra-1.10.3,configure_readonly_rootfs,4,2,55
2026-05-28T21:12:36Z,1.7.1-patra-1.10.3,verify_rootfs_integrity,3,1,46
2026-05-28T21:12:36Z,1.7.1-patra-1.10.3,stats_desktop,2,1,13
2026-05-28T21:12:36Z,1.7.1-patra-1.10.3,generate_tmpfile_cmds_20,19,17,94
2026-05-28T21:12:36Z,1.7.1-patra-1.10.3,plan_runlevel_switch,7,6,40
2026-05-28T21:12:36Z,1.7.1-patra-1.10.3,mark_all_steps_complete,65,60,124
2026-05-28T21:12:36Z,1.7.1-patra-1.10.3,audit_log_record,7,5,61
2026-06-01T21:23:32Z,1.8.0-baseline,build_boot_seq_desktop,6,3,288
2026-06-01T21:23:32Z,1.8.0-baseline,build_boot_seq_server,5,3,137
2026-06-01T21:23:32Z,1.8.0-baseline,build_boot_seq_minimal,5,3,201
2026-06-01T21:23:32Z,1.8.0-baseline,build_boot_seq_edge,5,3,131
2026-06-01T21:23:32Z,1.8.0-baseline,init_new_desktop,38,23,
2026-06-01T21:23:32Z,1.8.0-baseline,init_new_minimal,15,11,63
2026-06-01T21:23:32Z,1.8.0-baseline,init_new_edge,15,11,108
2026-06-01T21:23:32Z,1.8.0-baseline,resolve_order_chain_10,13,8,86
2026-06-01T21:23:32Z,1.8.0-baseline,resolve_order_chain_50,97,87,168
2026-06-01T21:23:32Z,1.8.0-baseline,resolve_order_chain_100,237,219,415
2026-06-01T21:23:32Z,1.8.0-baseline,resolve_waves_desktop,16,12,92
2026-06-01T21:23:32Z,1.8.0-baseline,plan_shutdown_reboot,19,15,81
2026-06-01T21:23:32Z,1.8.0-baseline,health_tracker_record,1,,14
2026-06-01T21:23:32Z,1.8.0-baseline,health_history_record,1,,9
2026-06-01T21:23:32Z,1.8.0-baseline,state_transition_check,1,,12
2026-06-01T21:23:32Z,1.8.0-baseline,backoff_delay_compute,1,,9
2026-06-01T21:23:32Z,1.8.0-baseline,generate_unit,7,5,24
2026-06-01T21:23:32Z,1.8.0-baseline,on_service_crash,1,,26
2026-06-01T21:23:32Z,1.8.0-baseline,resolve_order_desktop,13,10,69
2026-06-01T21:23:32Z,1.8.0-baseline,resolve_waves_chain_20,70,65,143
2026-06-01T21:23:32Z,1.8.0-baseline,resolve_waves_wide_20,16,11,157
2026-06-01T21:23:32Z,1.8.0-baseline,plan_shutdown_poweroff,19,15,95
2026-06-01T21:23:32Z,1.8.0-baseline,configure_readonly_rootfs,4,2,80
2026-06-01T21:23:32Z,1.8.0-baseline,verify_rootfs_integrity,3,1,35
2026-06-01T21:23:32Z,1.8.0-baseline,stats_desktop,2,1,18
2026-06-01T21:23:32Z,1.8.0-baseline,generate_tmpfile_cmds_20,21,16,95
2026-06-01T21:23:32Z,1.8.0-baseline,plan_runlevel_switch,8,6,65
2026-06-01T21:23:32Z,1.8.0-baseline,mark_all_steps_complete,69,59,194
2026-06-01T21:23:32Z,1.8.0-baseline,audit_log_record,8,5,95
2026-06-01T21:23:32Z,1.8.0-baseline,build_boot_seq_desktop,6,3,288
2026-06-01T21:23:32Z,1.8.0-baseline,build_boot_seq_server,5,3,137
2026-06-01T21:23:32Z,1.8.0-baseline,build_boot_seq_minimal,5,3,201
2026-06-01T21:23:32Z,1.8.0-baseline,build_boot_seq_edge,5,3,131
2026-06-01T21:23:32Z,1.8.0-baseline,init_new_desktop,38,23,
2026-06-01T21:23:32Z,1.8.0-baseline,init_new_minimal,15,11,63
2026-06-01T21:23:32Z,1.8.0-baseline,init_new_edge,15,11,108
2026-06-01T21:23:32Z,1.8.0-baseline,resolve_order_chain_10,13,8,86
2026-06-01T21:23:32Z,1.8.0-baseline,resolve_order_chain_50,97,87,168
2026-06-01T21:23:32Z,1.8.0-baseline,resolve_order_chain_100,237,219,415
2026-06-01T21:23:32Z,1.8.0-baseline,resolve_waves_desktop,16,12,92
2026-06-01T21:23:32Z,1.8.0-baseline,plan_shutdown_reboot,19,15,81
2026-06-01T21:23:32Z,1.8.0-baseline,health_tracker_record,1,,14
2026-06-01T21:23:32Z,1.8.0-baseline,health_history_record,1,,9
2026-06-01T21:23:32Z,1.8.0-baseline,state_transition_check,1,,12
2026-06-01T21:23:32Z,1.8.0-baseline,backoff_delay_compute,1,,9
2026-06-01T21:23:32Z,1.8.0-baseline,generate_unit,7,5,24
2026-06-01T21:23:32Z,1.8.0-baseline,on_service_crash,1,,26
2026-06-01T21:23:32Z,1.8.0-baseline,resolve_order_desktop,13,10,69
2026-06-01T21:23:32Z,1.8.0-baseline,resolve_waves_chain_20,70,65,143
2026-06-01T21:23:32Z,1.8.0-baseline,resolve_waves_wide_20,16,11,157
2026-06-01T21:23:32Z,1.8.0-baseline,plan_shutdown_poweroff,19,15,95
2026-06-01T21:23:32Z,1.8.0-baseline,configure_readonly_rootfs,4,2,80
2026-06-01T21:23:32Z,1.8.0-baseline,verify_rootfs_integrity,3,1,35
2026-06-01T21:23:32Z,1.8.0-baseline,stats_desktop,2,1,18
2026-06-01T21:23:32Z,1.8.0-baseline,generate_tmpfile_cmds_20,21,16,95
2026-06-01T21:23:32Z,1.8.0-baseline,plan_runlevel_switch,8,6,65
2026-06-01T21:23:32Z,1.8.0-baseline,mark_all_steps_complete,69,59,194
2026-06-01T21:23:32Z,1.8.0-baseline,audit_log_record,8,5,95
2026-06-01T21:29:53Z,1.8.0-closeout,build_boot_seq_desktop,7,4,203
2026-06-01T21:29:53Z,1.8.0-closeout,build_boot_seq_server,5,3,184
2026-06-01T21:29:53Z,1.8.0-closeout,build_boot_seq_minimal,6,3,218
2026-06-01T21:29:53Z,1.8.0-closeout,build_boot_seq_edge,5,3,118
2026-06-01T21:29:53Z,1.8.0-closeout,init_new_desktop,37,23,
2026-06-01T21:29:53Z,1.8.0-closeout,init_new_minimal,16,12,165
2026-06-01T21:29:53Z,1.8.0-closeout,init_new_edge,15,12,86
2026-06-01T21:29:53Z,1.8.0-closeout,resolve_order_chain_10,13,9,175
2026-06-01T21:29:53Z,1.8.0-closeout,resolve_order_chain_50,96,89,195
2026-06-01T21:29:53Z,1.8.0-closeout,resolve_order_chain_100,227,213,332
2026-06-01T21:29:53Z,1.8.0-closeout,resolve_waves_desktop,16,8,103
2026-06-01T21:29:53Z,1.8.0-closeout,plan_shutdown_reboot,22,14,128
2026-06-01T21:29:53Z,1.8.0-closeout,health_tracker_record,1,,32
2026-06-01T21:29:53Z,1.8.0-closeout,health_history_record,1,,37
2026-06-01T21:29:53Z,1.8.0-closeout,state_transition_check,1,,30
2026-06-01T21:29:53Z,1.8.0-closeout,backoff_delay_compute,1,,48
2026-06-01T21:29:53Z,1.8.0-closeout,generate_unit,8,5,25
2026-06-01T21:29:53Z,1.8.0-closeout,on_service_crash,1,,17
2026-06-01T21:29:53Z,1.8.0-closeout,resolve_order_desktop,14,9,100
2026-06-01T21:29:53Z,1.8.0-closeout,resolve_waves_chain_20,91,64,280
2026-06-01T21:29:53Z,1.8.0-closeout,resolve_waves_wide_20,22,9,155
2026-06-01T21:29:53Z,1.8.0-closeout,plan_shutdown_poweroff,24,9,186
2026-06-01T21:29:53Z,1.8.0-closeout,configure_readonly_rootfs,5,2,84
2026-06-01T21:29:53Z,1.8.0-closeout,verify_rootfs_integrity,3,1,44
2026-06-01T21:29:53Z,1.8.0-closeout,stats_desktop,2,1,52
2026-06-01T21:29:53Z,1.8.0-closeout,generate_tmpfile_cmds_20,25,16,159
2026-06-01T21:29:53Z,1.8.0-closeout,plan_runlevel_switch,9,6,85
2026-06-01T21:29:53Z,1.8.0-closeout,mark_all_steps_complete,76,61,222
2026-06-01T21:29:53Z,1.8.0-closeout,audit_log_record,8,5,81
2026-06-01T21:29:53Z,1.8.0-closeout,build_boot_seq_desktop,7,4,203
2026-06-01T21:29:53Z,1.8.0-closeout,build_boot_seq_server,5,3,184
2026-06-01T21:29:53Z,1.8.0-closeout,build_boot_seq_minimal,6,3,218
2026-06-01T21:29:53Z,1.8.0-closeout,build_boot_seq_edge,5,3,118
2026-06-01T21:29:53Z,1.8.0-closeout,init_new_desktop,37,23,
2026-06-01T21:29:53Z,1.8.0-closeout,init_new_minimal,16,12,165
2026-06-01T21:29:53Z,1.8.0-closeout,init_new_edge,15,12,86
2026-06-01T21:29:53Z,1.8.0-closeout,resolve_order_chain_10,13,9,175
2026-06-01T21:29:53Z,1.8.0-closeout,resolve_order_chain_50,96,89,195
2026-06-01T21:29:53Z,1.8.0-closeout,resolve_order_chain_100,227,213,332
2026-06-01T21:29:53Z,1.8.0-closeout,resolve_waves_desktop,16,8,103
2026-06-01T21:29:53Z,1.8.0-closeout,plan_shutdown_reboot,22,14,128
2026-06-01T21:29:53Z,1.8.0-closeout,health_tracker_record,1,,32
2026-06-01T21:29:53Z,1.8.0-closeout,health_history_record,1,,37
2026-06-01T21:29:53Z,1.8.0-closeout,state_transition_check,1,,30
2026-06-01T21:29:53Z,1.8.0-closeout,backoff_delay_compute,1,,48
2026-06-01T21:29:53Z,1.8.0-closeout,generate_unit,8,5,25
2026-06-01T21:29:53Z,1.8.0-closeout,on_service_crash,1,,17
2026-06-01T21:29:53Z,1.8.0-closeout,resolve_order_desktop,14,9,100
2026-06-01T21:29:53Z,1.8.0-closeout,resolve_waves_chain_20,91,64,280
2026-06-01T21:29:53Z,1.8.0-closeout,resolve_waves_wide_20,22,9,155
2026-06-01T21:29:53Z,1.8.0-closeout,plan_shutdown_poweroff,24,9,186
2026-06-01T21:29:53Z,1.8.0-closeout,configure_readonly_rootfs,5,2,84
2026-06-01T21:29:53Z,1.8.0-closeout,verify_rootfs_integrity,3,1,44
2026-06-01T21:29:53Z,1.8.0-closeout,stats_desktop,2,1,52
2026-06-01T21:29:53Z,1.8.0-closeout,generate_tmpfile_cmds_20,25,16,159
2026-06-01T21:29:53Z,1.8.0-closeout,plan_runlevel_switch,9,6,85
2026-06-01T21:29:53Z,1.8.0-closeout,mark_all_steps_complete,76,61,222
2026-06-01T21:29:53Z,1.8.0-closeout,audit_log_record,8,5,81
2026-06-03T23:38:40Z,1.8.1-baseline,build_boot_seq_desktop,5,3,221
2026-06-03T23:38:40Z,1.8.1-baseline,build_boot_seq_server,5,3,213
2026-06-03T23:38:40Z,1.8.1-baseline,build_boot_seq_minimal,5,3,152
2026-06-03T23:38:40Z,1.8.1-baseline,build_boot_seq_edge,5,3,133
2026-06-03T23:38:40Z,1.8.1-baseline,init_new_desktop,37,22,
2026-06-03T23:38:40Z,1.8.1-baseline,init_new_minimal,15,12,135
2026-06-03T23:38:40Z,1.8.1-baseline,init_new_edge,13,11,31
2026-06-03T23:38:40Z,1.8.1-baseline,resolve_order_chain_10,12,9,138
2026-06-03T23:38:40Z,1.8.1-baseline,resolve_order_chain_50,89,83,217
2026-06-03T23:38:40Z,1.8.1-baseline,resolve_order_chain_100,215,202,308
2026-06-03T23:38:40Z,1.8.1-baseline,resolve_waves_desktop,15,12,109
2026-06-03T23:38:40Z,1.8.1-baseline,plan_shutdown_reboot,18,14,101
2026-06-03T23:38:40Z,1.8.1-baseline,health_tracker_record,1,,16
2026-06-03T23:38:40Z,1.8.1-baseline,health_history_record,1,,10
2026-06-03T23:38:40Z,1.8.1-baseline,state_transition_check,1,,14
2026-06-03T23:38:40Z,1.8.1-baseline,backoff_delay_compute,1,,13
2026-06-03T23:38:40Z,1.8.1-baseline,generate_unit,7,4,462
2026-06-03T23:38:40Z,1.8.1-baseline,on_service_crash,1,,17
2026-06-03T23:38:40Z,1.8.1-baseline,resolve_order_desktop,12,9,93
2026-06-03T23:38:40Z,1.8.1-baseline,resolve_waves_chain_20,65,60,153
2026-06-03T23:38:40Z,1.8.1-baseline,resolve_waves_wide_20,15,12,100
2026-06-03T23:38:40Z,1.8.1-baseline,plan_shutdown_poweroff,18,15,131
2026-06-03T23:38:40Z,1.8.1-baseline,configure_readonly_rootfs,4,2,125
2026-06-03T23:38:40Z,1.8.1-baseline,verify_rootfs_integrity,3,1,85
2026-06-03T23:38:40Z,1.8.1-baseline,stats_desktop,2,1,16
2026-06-03T23:38:40Z,1.8.1-baseline,generate_tmpfile_cmds_20,21,17,151
2026-06-03T23:38:40Z,1.8.1-baseline,plan_runlevel_switch,8,5,90
2026-06-03T23:38:40Z,1.8.1-baseline,mark_all_steps_complete,68,62,136
2026-06-03T23:38:40Z,1.8.1-baseline,audit_log_record,7,5,49
2026-06-03T23:38:40Z,1.8.1-baseline,build_boot_seq_desktop,5,3,221
2026-06-03T23:38:40Z,1.8.1-baseline,build_boot_seq_server,5,3,213
2026-06-03T23:38:40Z,1.8.1-baseline,build_boot_seq_minimal,5,3,152
2026-06-03T23:38:40Z,1.8.1-baseline,build_boot_seq_edge,5,3,133
2026-06-03T23:38:40Z,1.8.1-baseline,init_new_desktop,37,22,
2026-06-03T23:38:40Z,1.8.1-baseline,init_new_minimal,15,12,135
2026-06-03T23:38:40Z,1.8.1-baseline,init_new_edge,13,11,31
2026-06-03T23:38:40Z,1.8.1-baseline,resolve_order_chain_10,12,9,138
2026-06-03T23:38:40Z,1.8.1-baseline,resolve_order_chain_50,89,83,217
2026-06-03T23:38:40Z,1.8.1-baseline,resolve_order_chain_100,215,202,308
2026-06-03T23:38:40Z,1.8.1-baseline,resolve_waves_desktop,15,12,109
2026-06-03T23:38:40Z,1.8.1-baseline,plan_shutdown_reboot,18,14,101
2026-06-03T23:38:40Z,1.8.1-baseline,health_tracker_record,1,,16
2026-06-03T23:38:40Z,1.8.1-baseline,health_history_record,1,,10
2026-06-03T23:38:40Z,1.8.1-baseline,state_transition_check,1,,14
2026-06-03T23:38:40Z,1.8.1-baseline,backoff_delay_compute,1,,13
2026-06-03T23:38:40Z,1.8.1-baseline,generate_unit,7,4,462
2026-06-03T23:38:40Z,1.8.1-baseline,on_service_crash,1,,17
2026-06-03T23:38:40Z,1.8.1-baseline,resolve_order_desktop,12,9,93
2026-06-03T23:38:40Z,1.8.1-baseline,resolve_waves_chain_20,65,60,153
2026-06-03T23:38:40Z,1.8.1-baseline,resolve_waves_wide_20,15,12,100
2026-06-03T23:38:40Z,1.8.1-baseline,plan_shutdown_poweroff,18,15,131
2026-06-03T23:38:40Z,1.8.1-baseline,configure_readonly_rootfs,4,2,125
2026-06-03T23:38:40Z,1.8.1-baseline,verify_rootfs_integrity,3,1,85
2026-06-03T23:38:40Z,1.8.1-baseline,stats_desktop,2,1,16
2026-06-03T23:38:40Z,1.8.1-baseline,generate_tmpfile_cmds_20,21,17,151
2026-06-03T23:38:40Z,1.8.1-baseline,plan_runlevel_switch,8,5,90
2026-06-03T23:38:40Z,1.8.1-baseline,mark_all_steps_complete,68,62,136
2026-06-03T23:38:40Z,1.8.1-baseline,audit_log_record,7,5,49
2026-06-03T23:44:21Z,1.8.1-libro-2.7.1,build_boot_seq_desktop,5,3,214
2026-06-03T23:44:21Z,1.8.1-libro-2.7.1,build_boot_seq_server,5,3,214
2026-06-03T23:44:21Z,1.8.1-libro-2.7.1,build_boot_seq_minimal,5,3,130
2026-06-03T23:44:21Z,1.8.1-libro-2.7.1,build_boot_seq_edge,5,3,130
2026-06-03T23:44:21Z,1.8.1-libro-2.7.1,init_new_desktop,36,23,
2026-06-03T23:44:21Z,1.8.1-libro-2.7.1,init_new_minimal,14,11,133
2026-06-03T23:44:21Z,1.8.1-libro-2.7.1,init_new_edge,13,10,131
2026-06-03T23:44:21Z,1.8.1-libro-2.7.1,resolve_order_chain_10,11,9,140
2026-06-03T23:44:21Z,1.8.1-libro-2.7.1,resolve_order_chain_50,85,81,170
2026-06-03T23:44:21Z,1.8.1-libro-2.7.1,resolve_order_chain_100,209,197,298
2026-06-03T23:44:21Z,1.8.1-libro-2.7.1,resolve_waves_desktop,14,11,95
2026-06-03T23:44:21Z,1.8.1-libro-2.7.1,plan_shutdown_reboot,17,14,100
2026-06-03T23:44:21Z,1.8.1-libro-2.7.1,health_tracker_record,1,,9
2026-06-03T23:44:21Z,1.8.1-libro-2.7.1,health_history_record,1,,15
2026-06-03T23:44:21Z,1.8.1-libro-2.7.1,state_transition_check,1,,9
2026-06-03T23:44:21Z,1.8.1-libro-2.7.1,backoff_delay_compute,1,,10
2026-06-03T23:44:21Z,1.8.1-libro-2.7.1,generate_unit,6,4,16
2026-06-03T23:44:21Z,1.8.1-libro-2.7.1,on_service_crash,1,,10
2026-06-03T23:44:21Z,1.8.1-libro-2.7.1,resolve_order_desktop,11,9,108
2026-06-03T23:44:21Z,1.8.1-libro-2.7.1,resolve_waves_chain_20,61,59,145
2026-06-03T23:44:21Z,1.8.1-libro-2.7.1,resolve_waves_wide_20,15,12,108
2026-06-03T23:44:21Z,1.8.1-libro-2.7.1,plan_shutdown_poweroff,17,14,115
2026-06-03T23:44:21Z,1.8.1-libro-2.7.1,configure_readonly_rootfs,4,2,96
2026-06-03T23:44:21Z,1.8.1-libro-2.7.1,verify_rootfs_integrity,3,1,83
2026-06-03T23:44:21Z,1.8.1-libro-2.7.1,stats_desktop,2,1,13
2026-06-03T23:44:21Z,1.8.1-libro-2.7.1,generate_tmpfile_cmds_20,19,17,122
2026-06-03T23:44:21Z,1.8.1-libro-2.7.1,plan_runlevel_switch,7,6,88
2026-06-03T23:44:21Z,1.8.1-libro-2.7.1,mark_all_steps_complete,67,61,138
2026-06-03T23:44:21Z,1.8.1-libro-2.7.1,audit_log_record,8,6,78
2026-06-03T23:44:21Z,1.8.1-libro-2.7.1,build_boot_seq_desktop,5,3,214
2026-06-03T23:44:21Z,1.8.1-libro-2.7.1,build_boot_seq_server,5,3,214
2026-06-03T23:44:21Z,1.8.1-libro-2.7.1,build_boot_seq_minimal,5,3,130
2026-06-03T23:44:21Z,1.8.1-libro-2.7.1,build_boot_seq_edge,5,3,130
2026-06-03T23:44:21Z,1.8.1-libro-2.7.1,init_new_desktop,36,23,
2026-06-03T23:44:21Z,1.8.1-libro-2.7.1,init_new_minimal,14,11,133
2026-06-03T23:44:21Z,1.8.1-libro-2.7.1,init_new_edge,13,10,131
2026-06-03T23:44:21Z,1.8.1-libro-2.7.1,resolve_order_chain_10,11,9,140
2026-06-03T23:44:21Z,1.8.1-libro-2.7.1,resolve_order_chain_50,85,81,170
2026-06-03T23:44:21Z,1.8.1-libro-2.7.1,resolve_order_chain_100,209,197,298
2026-06-03T23:44:21Z,1.8.1-libro-2.7.1,resolve_waves_desktop,14,11,95
2026-06-03T23:44:21Z,1.8.1-libro-2.7.1,plan_shutdown_reboot,17,14,100
2026-06-03T23:44:21Z,1.8.1-libro-2.7.1,health_tracker_record,1,,9
2026-06-03T23:44:21Z,1.8.1-libro-2.7.1,health_history_record,1,,15
2026-06-03T23:44:21Z,1.8.1-libro-2.7.1,state_transition_check,1,,9
2026-06-03T23:44:21Z,1.8.1-libro-2.7.1,backoff_delay_compute,1,,10
2026-06-03T23:44:21Z,1.8.1-libro-2.7.1,generate_unit,6,4,16
2026-06-03T23:44:21Z,1.8.1-libro-2.7.1,on_service_crash,1,,10
2026-06-03T23:44:21Z,1.8.1-libro-2.7.1,resolve_order_desktop,11,9,108
2026-06-03T23:44:21Z,1.8.1-libro-2.7.1,resolve_waves_chain_20,61,59,145
2026-06-03T23:44:21Z,1.8.1-libro-2.7.1,resolve_waves_wide_20,15,12,108
2026-06-03T23:44:21Z,1.8.1-libro-2.7.1,plan_shutdown_poweroff,17,14,115
2026-06-03T23:44:21Z,1.8.1-libro-2.7.1,configure_readonly_rootfs,4,2,96
2026-06-03T23:44:21Z,1.8.1-libro-2.7.1,verify_rootfs_integrity,3,1,83
2026-06-03T23:44:21Z,1.8.1-libro-2.7.1,stats_desktop,2,1,13
2026-06-03T23:44:21Z,1.8.1-libro-2.7.1,generate_tmpfile_cmds_20,19,17,122
2026-06-03T23:44:21Z,1.8.1-libro-2.7.1,plan_runlevel_switch,7,6,88
2026-06-03T23:44:21Z,1.8.1-libro-2.7.1,mark_all_steps_complete,67,61,138
2026-06-03T23:44:21Z,1.8.1-libro-2.7.1,audit_log_record,8,6,78
2026-06-16T02:19:06Z,1.8.3-cyrius-6.2.11,build_boot_seq_desktop,3,2,12
2026-06-16T02:19:06Z,1.8.3-cyrius-6.2.11,build_boot_seq_server,3,1,20
2026-06-16T02:19:06Z,1.8.3-cyrius-6.2.11,build_boot_seq_minimal,2,1,33
2026-06-16T02:19:06Z,1.8.3-cyrius-6.2.11,build_boot_seq_edge,2,1,22
2026-06-16T02:19:06Z,1.8.3-cyrius-6.2.11,init_new_desktop,35,22,
2026-06-16T02:19:06Z,1.8.3-cyrius-6.2.11,init_new_minimal,10,9,19
2026-06-16T02:19:06Z,1.8.3-cyrius-6.2.11,init_new_edge,8,7,18
2026-06-16T02:19:06Z,1.8.3-cyrius-6.2.11,resolve_order_chain_10,14,11,45
2026-06-16T02:19:06Z,1.8.3-cyrius-6.2.11,resolve_order_chain_50,99,91,218
2026-06-16T02:19:06Z,1.8.3-cyrius-6.2.11,resolve_order_chain_100,225,210,604
2026-06-16T02:19:06Z,1.8.3-cyrius-6.2.11,resolve_waves_desktop,16,10,53
2026-06-16T02:19:06Z,1.8.3-cyrius-6.2.11,plan_shutdown_reboot,17,16,41
2026-06-16T02:19:06Z,1.8.3-cyrius-6.2.11,health_tracker_record,1,,22
2026-06-16T02:19:06Z,1.8.3-cyrius-6.2.11,health_history_record,1,,22
2026-06-16T02:19:06Z,1.8.3-cyrius-6.2.11,state_transition_check,1,,12
2026-06-16T02:19:06Z,1.8.3-cyrius-6.2.11,backoff_delay_compute,1,,14
2026-06-16T02:19:06Z,1.8.3-cyrius-6.2.11,generate_unit,7,5,184
2026-06-16T02:19:06Z,1.8.3-cyrius-6.2.11,on_service_crash,1,,10
2026-06-16T02:19:06Z,1.8.3-cyrius-6.2.11,resolve_order_desktop,13,11,52
2026-06-16T02:19:06Z,1.8.3-cyrius-6.2.11,resolve_waves_chain_20,67,66,88
2026-06-16T02:19:06Z,1.8.3-cyrius-6.2.11,resolve_waves_wide_20,16,14,46
2026-06-16T02:19:06Z,1.8.3-cyrius-6.2.11,plan_shutdown_poweroff,18,15,62
2026-06-16T02:19:06Z,1.8.3-cyrius-6.2.11,configure_readonly_rootfs,6,4,662
2026-06-16T02:19:06Z,1.8.3-cyrius-6.2.11,verify_rootfs_integrity,4,2,16
2026-06-16T02:19:06Z,1.8.3-cyrius-6.2.11,stats_desktop,2,1,40
2026-06-16T02:19:06Z,1.8.3-cyrius-6.2.11,generate_tmpfile_cmds_20,31,28,108
2026-06-16T02:19:06Z,1.8.3-cyrius-6.2.11,plan_runlevel_switch,7,6,69
2026-06-16T02:19:06Z,1.8.3-cyrius-6.2.11,mark_all_steps_complete,53,51,69
2026-06-16T02:19:06Z,1.8.3-cyrius-6.2.11,audit_log_record,8,6,488
2026-06-16T02:19:06Z,1.8.3-cyrius-6.2.11,build_boot_seq_desktop,3,2,12
2026-06-16T02:19:06Z,1.8.3-cyrius-6.2.11,build_boot_seq_server,3,1,20
2026-06-16T02:19:06Z,1.8.3-cyrius-6.2.11,build_boot_seq_minimal,2,1,33
2026-06-16T02:19:06Z,1.8.3-cyrius-6.2.11,build_boot_seq_edge,2,1,22
2026-06-16T02:19:06Z,1.8.3-cyrius-6.2.11,init_new_desktop,35,22,
2026-06-16T02:19:06Z,1.8.3-cyrius-6.2.11,init_new_minimal,10,9,19
2026-06-16T02:19:06Z,1.8.3-cyrius-6.2.11,init_new_edge,8,7,18
2026-06-16T02:19:06Z,1.8.3-cyrius-6.2.11,resolve_order_chain_10,14,11,45
2026-06-16T02:19:06Z,1.8.3-cyrius-6.2.11,resolve_order_chain_50,99,91,218
2026-06-16T02:19:06Z,1.8.3-cyrius-6.2.11,resolve_order_chain_100,225,210,604
2026-06-16T02:19:06Z,1.8.3-cyrius-6.2.11,resolve_waves_desktop,16,10,53
2026-06-16T02:19:06Z,1.8.3-cyrius-6.2.11,plan_shutdown_reboot,17,16,41
2026-06-16T02:19:06Z,1.8.3-cyrius-6.2.11,health_tracker_record,1,,22
2026-06-16T02:19:06Z,1.8.3-cyrius-6.2.11,health_history_record,1,,22
2026-06-16T02:19:06Z,1.8.3-cyrius-6.2.11,state_transition_check,1,,12
2026-06-16T02:19:06Z,1.8.3-cyrius-6.2.11,backoff_delay_compute,1,,14
2026-06-16T02:19:06Z,1.8.3-cyrius-6.2.11,generate_unit,7,5,184
2026-06-16T02:19:06Z,1.8.3-cyrius-6.2.11,on_service_crash,1,,10
2026-06-16T02:19:06Z,1.8.3-cyrius-6.2.11,resolve_order_desktop,13,11,52
2026-06-16T02:19:06Z,1.8.3-cyrius-6.2.11,resolve_waves_chain_20,67,66,88
2026-06-16T02:19:06Z,1.8.3-cyrius-6.2.11,resolve_waves_wide_20,16,14,46
2026-06-16T02:19:06Z,1.8.3-cyrius-6.2.11,plan_shutdown_poweroff,18,15,62
2026-06-16T02:19:06Z,1.8.3-cyrius-6.2.11,configure_readonly_rootfs,6,4,662
2026-06-16T02:19:06Z,1.8.3-cyrius-6.2.11,verify_rootfs_integrity,4,2,16
2026-06-16T02:19:06Z,1.8.3-cyrius-6.2.11,stats_desktop,2,1,40
2026-06-16T02:19:06Z,1.8.3-cyrius-6.2.11,generate_tmpfile_cmds_20,31,28,108
2026-06-16T02:19:06Z,1.8.3-cyrius-6.2.11,plan_runlevel_switch,7,6,69
2026-06-16T02:19:06Z,1.8.3-cyrius-6.2.11,mark_all_steps_complete,53,51,69
2026-06-16T02:19:06Z,1.8.3-cyrius-6.2.11,audit_log_record,8,6,488
2026-07-13T20:14:49Z,1.8.4-cyrius-6.4.62,build_boot_seq_desktop,2.295,0.978,12.432
2026-07-13T20:14:49Z,1.8.4-cyrius-6.4.62,build_boot_seq_server,2.138,0.907,11.873
2026-07-13T20:14:49Z,1.8.4-cyrius-6.4.62,build_boot_seq_minimal,1.951,0.908,11.803
2026-07-13T20:14:49Z,1.8.4-cyrius-6.4.62,build_boot_seq_edge,1.861,0.908,15.365
2026-07-13T20:14:49Z,1.8.4-cyrius-6.4.62,init_new_desktop,24.972,12.921,10576.000
2026-07-13T20:14:49Z,1.8.4-cyrius-6.4.62,init_new_minimal,6.620,6.076,14.876
2026-07-13T20:14:49Z,1.8.4-cyrius-6.4.62,init_new_edge,5.896,5.308,14.667
2026-07-13T20:14:49Z,1.8.4-cyrius-6.4.62,resolve_order_chain_10,10.315,9.009,34.991
2026-07-13T20:14:49Z,1.8.4-cyrius-6.4.62,resolve_order_chain_50,74.421,72.984,96.311
2026-07-13T20:14:49Z,1.8.4-cyrius-6.4.62,resolve_order_chain_100,184.792,178.235,237.949
2026-07-13T20:14:49Z,1.8.4-cyrius-6.4.62,resolve_waves_desktop,12.946,11.524,39.041
2026-07-13T20:14:49Z,1.8.4-cyrius-6.4.62,plan_shutdown_reboot,13.415,11.873,30.101
2026-07-13T20:14:49Z,1.8.4-cyrius-6.4.62,health_tracker_record,1.450,0.907,9.987
2026-07-13T20:14:49Z,1.8.4-cyrius-6.4.62,health_history_record,1.331,0.838,10.058
2026-07-13T20:14:49Z,1.8.4-cyrius-6.4.62,state_transition_check,1.343,0.838,10.337
2026-07-13T20:14:49Z,1.8.4-cyrius-6.4.62,backoff_delay_compute,1.452,0.907,11.803
2026-07-13T20:14:49Z,1.8.4-cyrius-6.4.62,generate_unit,5.898,4.680,14.318
2026-07-13T20:14:49Z,1.8.4-cyrius-6.4.62,on_service_crash,1.350,0.907,10.336
2026-07-13T20:14:49Z,1.8.4-cyrius-6.4.62,resolve_order_desktop,10.487,9.359,31.499
2026-07-13T20:14:49Z,1.8.4-cyrius-6.4.62,resolve_waves_chain_20,56.009,53.568,93.028
2026-07-13T20:14:49Z,1.8.4-cyrius-6.4.62,resolve_waves_wide_20,13.390,11.873,307.860
2026-07-13T20:14:49Z,1.8.4-cyrius-6.4.62,plan_shutdown_poweroff,13.256,11.873,23.956
2026-07-13T20:14:49Z,1.8.4-cyrius-6.4.62,configure_readonly_rootfs,3.451,1.956,18.787
2026-07-13T20:14:49Z,1.8.4-cyrius-6.4.62,verify_rootfs_integrity,2.965,1.467,14.946
2026-07-13T20:14:49Z,1.8.4-cyrius-6.4.62,stats_desktop,2.371,1.397,11.943
2026-07-13T20:14:49Z,1.8.4-cyrius-6.4.62,generate_tmpfile_cmds_20,14.513,12.781,36.177
2026-07-13T20:14:49Z,1.8.4-cyrius-6.4.62,plan_runlevel_switch,5.867,4.330,21.023
2026-07-13T20:14:49Z,1.8.4-cyrius-6.4.62,mark_all_steps_complete,45.295,43.861,64.813
2026-07-13T20:14:49Z,1.8.4-cyrius-6.4.62,audit_log_record,7.841,5.727,59.226
2026-07-13T20:14:49Z,1.8.4-cyrius-6.4.62,build_boot_seq_desktop,2.295,0.978,12.432
2026-07-13T20:14:49Z,1.8.4-cyrius-6.4.62,build_boot_seq_server,2.138,0.907,11.873
2026-07-13T20:14:49Z,1.8.4-cyrius-6.4.62,build_boot_seq_minimal,1.951,0.908,11.803
2026-07-13T20:14:49Z,1.8.4-cyrius-6.4.62,build_boot_seq_edge,1.861,0.908,15.365
2026-07-13T20:14:49Z,1.8.4-cyrius-6.4.62,init_new_desktop,24.972,12.921,10576.000
2026-07-13T20:14:49Z,1.8.4-cyrius-6.4.62,init_new_minimal,6.620,6.076,14.876
2026-07-13T20:14:49Z,1.8.4-cyrius-6.4.62,init_new_edge,5.896,5.308,14.667
2026-07-13T20:14:49Z,1.8.4-cyrius-6.4.62,resolve_order_chain_10,10.315,9.009,34.991
2026-07-13T20:14:49Z,1.8.4-cyrius-6.4.62,resolve_order_chain_50,74.421,72.984,96.311
2026-07-13T20:14:49Z,1.8.4-cyrius-6.4.62,resolve_order_chain_100,184.792,178.235,237.949
2026-07-13T20:14:49Z,1.8.4-cyrius-6.4.62,resolve_waves_desktop,12.946,11.524,39.041
2026-07-13T20:14:49Z,1.8.4-cyrius-6.4.62,plan_shutdown_reboot,13.415,11.873,30.101
2026-07-13T20:14:49Z,1.8.4-cyrius-6.4.62,health_tracker_record,1.450,0.907,9.987
2026-07-13T20:14:49Z,1.8.4-cyrius-6.4.62,health_history_record,1.331,0.838,10.058
2026-07-13T20:14:49Z,1.8.4-cyrius-6.4.62,state_transition_check,1.343,0.838,10.337
2026-07-13T20:14:49Z,1.8.4-cyrius-6.4.62,backoff_delay_compute,1.452,0.907,11.803
2026-07-13T20:14:49Z,1.8.4-cyrius-6.4.62,generate_unit,5.898,4.680,14.318
2026-07-13T20:14:49Z,1.8.4-cyrius-6.4.62,on_service_crash,1.350,0.907,10.336
2026-07-13T20:14:49Z,1.8.4-cyrius-6.4.62,resolve_order_desktop,10.487,9.359,31.499
2026-07-13T20:14:49Z,1.8.4-cyrius-6.4.62,resolve_waves_chain_20,56.009,53.568,93.028
2026-07-13T20:14:49Z,1.8.4-cyrius-6.4.62,resolve_waves_wide_20,13.390,11.873,307.860
2026-07-13T20:14:49Z,1.8.4-cyrius-6.4.62,plan_shutdown_poweroff,13.256,11.873,23.956
2026-07-13T20:14:49Z,1.8.4-cyrius-6.4.62,configure_readonly_rootfs,3.451,1.956,18.787
2026-07-13T20:14:49Z,1.8.4-cyrius-6.4.62,verify_rootfs_integrity,2.965,1.467,14.946
2026-07-13T20:14:49Z,1.8.4-cyrius-6.4.62,stats_desktop,2.371,1.397,11.943
2026-07-13T20:14:49Z,1.8.4-cyrius-6.4.62,generate_tmpfile_cmds_20,14.513,12.781,36.177
2026-07-13T20:14:49Z,1.8.4-cyrius-6.4.62,plan_runlevel_switch,5.867,4.330,21.023
2026-07-13T20:14:49Z,1.8.4-cyrius-6.4.62,mark_all_steps_complete,45.295,43.861,64.813
2026-07-13T20:14:49Z,1.8.4-cyrius-6.4.62,audit_log_record,7.841,5.727,59.226
2026-08-24T15:26:05Z,1.8.5-cyrius-6.5.35,build_boot_seq_desktop,1.084,0.000,30.724
2026-08-24T15:26:05Z,1.8.5-cyrius-6.5.35,build_boot_seq_server,0.919,0.000,22.133
2026-08-24T15:26:05Z,1.8.5-cyrius-6.5.35,build_boot_seq_minimal,0.742,0.000,10.680
2026-08-24T15:26:05Z,1.8.5-cyrius-6.5.35,build_boot_seq_edge,0.688,0.000,10.610
2026-08-24T15:26:05Z,1.8.5-cyrius-6.5.35,init_new_desktop,22.817,11.378,10150.000
2026-08-24T15:26:05Z,1.8.5-cyrius-6.5.35,init_new_minimal,5.511,4.813,15.918
2026-08-24T15:26:05Z,1.8.5-cyrius-6.5.35,init_new_edge,4.825,3.556,14.242
2026-08-24T15:26:05Z,1.8.5-cyrius-6.5.35,resolve_order_chain_10,9.266,8.096,32.121
2026-08-24T15:26:05Z,1.8.5-cyrius-6.5.35,resolve_order_chain_50,73.752,71.651,86.038
2026-08-24T15:26:05Z,1.8.5-cyrius-6.5.35,resolve_order_chain_100,182.968,179.067,207.772
2026-08-24T15:26:05Z,1.8.5-cyrius-6.5.35,resolve_waves_desktop,12.634,11.099,41.131
2026-08-24T15:26:05Z,1.8.5-cyrius-6.5.35,plan_shutdown_reboot,12.631,11.518,31.213
2026-08-24T15:26:05Z,1.8.5-cyrius-6.5.35,health_tracker_record,0.201,0.000,12.077
2026-08-24T15:26:05Z,1.8.5-cyrius-6.5.35,health_history_record,0.156,0.000,19.201
2026-08-24T15:26:05Z,1.8.5-cyrius-6.5.35,state_transition_check,0.198,0.000,9.842
2026-08-24T15:26:05Z,1.8.5-cyrius-6.5.35,backoff_delay_compute,0.194,0.000,9.771
2026-08-24T15:26:05Z,1.8.5-cyrius-6.5.35,generate_unit,4.911,3.905,14.102
2026-08-24T15:26:05Z,1.8.5-cyrius-6.5.35,on_service_crash,0.199,0.000,10.261
2026-08-24T15:26:05Z,1.8.5-cyrius-6.5.35,resolve_order_desktop,9.805,8.305,40.222
2026-08-24T15:26:05Z,1.8.5-cyrius-6.5.35,resolve_waves_chain_20,54.299,52.305,78.286
2026-08-24T15:26:05Z,1.8.5-cyrius-6.5.35,resolve_waves_wide_20,12.270,11.098,35.544
2026-08-24T15:26:05Z,1.8.5-cyrius-6.5.35,plan_shutdown_poweroff,12.648,11.169,39.385
2026-08-24T15:26:05Z,1.8.5-cyrius-6.5.35,configure_readonly_rootfs,2.044,1.041,15.848
2026-08-24T15:26:05Z,1.8.5-cyrius-6.5.35,verify_rootfs_integrity,1.691,0.623,11.239
2026-08-24T15:26:05Z,1.8.5-cyrius-6.5.35,stats_desktop,1.244,0.134,27.372
2026-08-24T15:26:05Z,1.8.5-cyrius-6.5.35,generate_tmpfile_cmds_20,12.526,11.238,33.728
2026-08-24T15:26:05Z,1.8.5-cyrius-6.5.35,plan_runlevel_switch,4.833,3.486,30.096
2026-08-24T15:26:05Z,1.8.5-cyrius-6.5.35,mark_all_steps_complete,45.747,42.527,66.483
2026-08-24T15:26:05Z,1.8.5-cyrius-6.5.35,audit_log_record,7.113,4.883,49.861
2026-08-24T15:26:05Z,1.8.5-cyrius-6.5.35,build_boot_seq_desktop,1.084,0.000,30.724
2026-08-24T15:26:05Z,1.8.5-cyrius-6.5.35,build_boot_seq_server,0.919,0.000,22.133
2026-08-24T15:26:05Z,1.8.5-cyrius-6.5.35,build_boot_seq_minimal,0.742,0.000,10.680
2026-08-24T15:26:05Z,1.8.5-cyrius-6.5.35,build_boot_seq_edge,0.688,0.000,10.610
2026-08-24T15:26:05Z,1.8.5-cyrius-6.5.35,init_new_desktop,22.817,11.378,10150.000
2026-08-24T15:26:05Z,1.8.5-cyrius-6.5.35,init_new_minimal,5.511,4.813,15.918
2026-08-24T15:26:05Z,1.8.5-cyrius-6.5.35,init_new_edge,4.825,3.556,14.242
2026-08-24T15:26:05Z,1.8.5-cyrius-6.5.35,resolve_order_chain_10,9.266,8.096,32.121
2026-08-24T15:26:05Z,1.8.5-cyrius-6.5.35,resolve_order_chain_50,73.752,71.651,86.038
2026-08-24T15:26:05Z,1.8.5-cyrius-6.5.35,resolve_order_chain_100,182.968,179.067,207.772
2026-08-24T15:26:05Z,1.8.5-cyrius-6.5.35,resolve_waves_desktop,12.634,11.099,41.131
2026-08-24T15:26:05Z,1.8.5-cyrius-6.5.35,plan_shutdown_reboot,12.631,11.518,31.213
2026-08-24T15:26:05Z,1.8.5-cyrius-6.5.35,health_tracker_record,0.201,0.000,12.077
2026-08-24T15:26:05Z,1.8.5-cyrius-6.5.35,health_history_record,0.156,0.000,19.201
2026-08-24T15:26:05Z,1.8.5-cyrius-6.5.35,state_transition_check,0.198,0.000,9.842
2026-08-24T15:26:05Z,1.8.5-cyrius-6.5.35,backoff_delay_compute,0.194,0.000,9.771
2026-08-24T15:26:05Z,1.8.5-cyrius-6.5.35,generate_unit,4.911,3.905,14.102
2026-08-24T15:26:05Z,1.8.5-cyrius-6.5.35,on_service_crash,0.199,0.000,10.261
2026-08-24T15:26:05Z,1.8.5-cyrius-6.5.35,resolve_order_desktop,9.805,8.305,40.222
2026-08-24T15:26:05Z,1.8.5-cyrius-6.5.35,resolve_waves_chain_20,54.299,52.305,78.286
2026-08-24T15:26:05Z,1.8.5-cyrius-6.5.35,resolve_waves_wide_20,12.270,11.098,35.544
2026-08-24T15:26:05Z,1.8.5-cyrius-6.5.35,plan_shutdown_poweroff,12.648,11.169,39.385
2026-08-24T15:26:05Z,1.8.5-cyrius-6.5.35,configure_readonly_rootfs,2.044,1.041,15.848
2026-08-24T15:26:05Z,1.8.5-cyrius-6.5.35,verify_rootfs_integrity,1.691,0.623,11.239
2026-08-24T15:26:05Z,1.8.5-cyrius-6.5.35,stats_desktop,1.244,0.134,27.372
2026-08-24T15:26:05Z,1.8.5-cyrius-6.5.35,generate_tmpfile_cmds_20,12.526,11.238,33.728
2026-08-24T15:26:05Z,1.8.5-cyrius-6.5.35,plan_runlevel_switch,4.833,3.486,30.096
2026-08-24T15:26:05Z,1.8.5-cyrius-6.5.35,mark_all_steps_complete,45.747,42.527,66.483
2026-08-24T15:26:05Z,1.8.5-cyrius-6.5.35,audit_log_record,7.113,4.883,49.861
2026-08-24T15:42:05Z,1.8.6-audit-baseline,build_boot_seq_desktop,1.119,0.000,27.259
2026-08-24T15:42:05Z,1.8.6-audit-baseline,build_boot_seq_server,0.940,0.000,11.684
2026-08-24T15:42:05Z,1.8.6-audit-baseline,build_boot_seq_minimal,0.810,0.000,17.062
2026-08-24T15:42:05Z,1.8.6-audit-baseline,build_boot_seq_edge,0.720,0.000,11.126
2026-08-24T15:42:05Z,1.8.6-audit-baseline,init_new_desktop,23.203,11.754,10139.000
2026-08-24T15:42:05Z,1.8.6-audit-baseline,init_new_minimal,5.755,4.352,17.272
2026-08-24T15:42:05Z,1.8.6-audit-baseline,init_new_edge,4.946,4.072,16.922
2026-08-24T15:42:05Z,1.8.6-audit-baseline,resolve_order_chain_10,9.525,8.122,29.704
2026-08-24T15:42:05Z,1.8.6-audit-baseline,resolve_order_chain_50,75.338,72.028,122.384
2026-08-24T15:42:05Z,1.8.6-audit-baseline,resolve_order_chain_100,186.851,176.091,215.062
2026-08-24T15:42:05Z,1.8.6-audit-baseline,resolve_waves_desktop,12.484,11.475,30.682
2026-08-24T15:42:05Z,1.8.6-audit-baseline,plan_shutdown_reboot,12.917,11.545,32.637
2026-08-24T15:42:05Z,1.8.6-audit-baseline,health_tracker_record,0.231,0.000,16.434
2026-08-24T15:42:05Z,1.8.6-audit-baseline,health_history_record,0.193,0.000,10.707
2026-08-24T15:42:05Z,1.8.6-audit-baseline,state_transition_check,0.210,0.000,10.288
2026-08-24T15:42:05Z,1.8.6-audit-baseline,backoff_delay_compute,0.243,0.000,14.967
2026-08-24T15:42:05Z,1.8.6-audit-baseline,generate_unit,4.860,3.932,17.063
2026-08-24T15:42:05Z,1.8.6-audit-baseline,on_service_crash,0.223,0.000,10.358
2026-08-24T15:42:05Z,1.8.6-audit-baseline,resolve_order_desktop,10.026,8.751,26.352
2026-08-24T15:42:05Z,1.8.6-audit-baseline,resolve_waves_chain_20,55.279,52.122,79.920
2026-08-24T15:42:05Z,1.8.6-audit-baseline,resolve_waves_wide_20,12.460,10.986,40.808
2026-08-24T15:42:05Z,1.8.6-audit-baseline,plan_shutdown_poweroff,12.811,11.405,36.687
2026-08-24T15:42:05Z,1.8.6-audit-baseline,configure_readonly_rootfs,2.119,0.720,13.012
2026-08-24T15:42:05Z,1.8.6-audit-baseline,verify_rootfs_integrity,1.764,0.580,12.663
2026-08-24T15:42:05Z,1.8.6-audit-baseline,stats_desktop,1.281,0.000,11.754
2026-08-24T15:42:05Z,1.8.6-audit-baseline,generate_tmpfile_cmds_20,12.753,11.476,34.452
2026-08-24T15:42:05Z,1.8.6-audit-baseline,plan_runlevel_switch,4.921,3.513,35.222
2026-08-24T15:42:05Z,1.8.6-audit-baseline,mark_all_steps_complete,45.357,42.694,67.069
2026-08-24T15:42:05Z,1.8.6-audit-baseline,audit_log_record,7.466,5.399,70.771
2026-08-24T15:42:05Z,1.8.6-audit-baseline,build_boot_seq_desktop,1.119,0.000,27.259
2026-08-24T15:42:05Z,1.8.6-audit-baseline,build_boot_seq_server,0.940,0.000,11.684
2026-08-24T15:42:05Z,1.8.6-audit-baseline,build_boot_seq_minimal,0.810,0.000,17.062
2026-08-24T15:42:05Z,1.8.6-audit-baseline,build_boot_seq_edge,0.720,0.000,11.126
2026-08-24T15:42:05Z,1.8.6-audit-baseline,init_new_desktop,23.203,11.754,10139.000
2026-08-24T15:42:05Z,1.8.6-audit-baseline,init_new_minimal,5.755,4.352,17.272
2026-08-24T15:42:05Z,1.8.6-audit-baseline,init_new_edge,4.946,4.072,16.922
2026-08-24T15:42:05Z,1.8.6-audit-baseline,resolve_order_chain_10,9.525,8.122,29.704
2026-08-24T15:42:05Z,1.8.6-audit-baseline,resolve_order_chain_50,75.338,72.028,122.384
2026-08-24T15:42:05Z,1.8.6-audit-baseline,resolve_order_chain_100,186.851,176.091,215.062
2026-08-24T15:42:05Z,1.8.6-audit-baseline,resolve_waves_desktop,12.484,11.475,30.682
2026-08-24T15:42:05Z,1.8.6-audit-baseline,plan_shutdown_reboot,12.917,11.545,32.637
2026-08-24T15:42:05Z,1.8.6-audit-baseline,health_tracker_record,0.231,0.000,16.434
2026-08-24T15:42:05Z,1.8.6-audit-baseline,health_history_record,0.193,0.000,10.707
2026-08-24T15:42:05Z,1.8.6-audit-baseline,state_transition_check,0.210,0.000,10.288
2026-08-24T15:42:05Z,1.8.6-audit-baseline,backoff_delay_compute,0.243,0.000,14.967
2026-08-24T15:42:05Z,1.8.6-audit-baseline,generate_unit,4.860,3.932,17.063
2026-08-24T15:42:05Z,1.8.6-audit-baseline,on_service_crash,0.223,0.000,10.358
2026-08-24T15:42:05Z,1.8.6-audit-baseline,resolve_order_desktop,10.026,8.751,26.352
2026-08-24T15:42:05Z,1.8.6-audit-baseline,resolve_waves_chain_20,55.279,52.122,79.920
2026-08-24T15:42:05Z,1.8.6-audit-baseline,resolve_waves_wide_20,12.460,10.986,40.808
2026-08-24T15:42:05Z,1.8.6-audit-baseline,plan_shutdown_poweroff,12.811,11.405,36.687
2026-08-24T15:42:05Z,1.8.6-audit-baseline,configure_readonly_rootfs,2.119,0.720,13.012
2026-08-24T15:42:05Z,1.8.6-audit-baseline,verify_rootfs_integrity,1.764,0.580,12.663
2026-08-24T15:42:05Z,1.8.6-audit-baseline,stats_desktop,1.281,0.000,11.754
2026-08-24T15:42:05Z,1.8.6-audit-baseline,generate_tmpfile_cmds_20,12.753,11.476,34.452
2026-08-24T15:42:05Z,1.8.6-audit-baseline,plan_runlevel_switch,4.921,3.513,35.222
2026-08-24T15:42:05Z,1.8.6-audit-baseline,mark_all_steps_complete,45.357,42.694,67.069
2026-08-24T15:42:05Z,1.8.6-audit-baseline,audit_log_record,7.466,5.399,70.771
2026-08-24T16:07:44Z,1.8.6-post-audit,build_boot_seq_desktop,1.108,0.170,31.390
2026-08-24T16:07:44Z,1.8.6-post-audit,build_boot_seq_server,0.965,0.000,11.205
2026-08-24T16:07:44Z,1.8.6-post-audit,build_boot_seq_minimal,0.845,0.000,16.025
2026-08-24T16:07:44Z,1.8.6-post-audit,build_boot_seq_edge,0.757,0.000,16.444
2026-08-24T16:07:44Z,1.8.6-post-audit,init_new_desktop,24.041,11.694,10137.000
2026-08-24T16:07:44Z,1.8.6-post-audit,init_new_minimal,5.886,4.431,17.562
2026-08-24T16:07:44Z,1.8.6-post-audit,init_new_edge,5.028,4.012,13.999
2026-08-24T16:07:44Z,1.8.6-post-audit,resolve_order_chain_10,9.552,8.202,44.241
2026-08-24T16:07:44Z,1.8.6-post-audit,resolve_order_chain_50,74.726,72.037,98.787
2026-08-24T16:07:44Z,1.8.6-post-audit,resolve_order_chain_100,185.179,176.101,206.342
2026-08-24T16:07:44Z,1.8.6-post-audit,resolve_waves_desktop,12.693,11.346,50.596
2026-08-24T16:07:44Z,1.8.6-post-audit,plan_shutdown_reboot,12.734,11.625,29.784
2026-08-24T16:07:44Z,1.8.6-post-audit,health_tracker_record,0.240,0.000,10.298
2026-08-24T16:07:44Z,1.8.6-post-audit,health_history_record,0.185,0.000,10.019
2026-08-24T16:07:44Z,1.8.6-post-audit,state_transition_check,0.209,0.000,18.399
2026-08-24T16:07:44Z,1.8.6-post-audit,backoff_delay_compute,0.238,0.000,10.577
2026-08-24T16:07:44Z,1.8.6-post-audit,generate_unit,5.366,3.873,16.514
2026-08-24T16:07:44Z,1.8.6-post-audit,on_service_crash,0.229,0.000,9.320
2026-08-24T16:07:44Z,1.8.6-post-audit,resolve_order_desktop,9.874,8.132,56.882
2026-08-24T16:07:44Z,1.8.6-post-audit,resolve_waves_chain_20,54.019,51.155,76.088
2026-08-24T16:07:44Z,1.8.6-post-audit,resolve_waves_wide_20,12.164,10.368,30.761
2026-08-24T16:07:44Z,1.8.6-post-audit,plan_shutdown_poweroff,12.495,10.857,31.459
2026-08-24T16:07:44Z,1.8.6-post-audit,configure_readonly_rootfs,2.018,0.659,12.113
2026-08-24T16:07:44Z,1.8.6-post-audit,verify_rootfs_integrity,1.685,0.240,16.514
2026-08-24T16:07:44Z,1.8.6-post-audit,stats_desktop,1.236,0.170,12.183
2026-08-24T16:07:44Z,1.8.6-post-audit,generate_tmpfile_cmds_20,12.265,10.507,54.577
2026-08-24T16:07:44Z,1.8.6-post-audit,plan_runlevel_switch,4.715,3.104,35.930
2026-08-24T16:07:44Z,1.8.6-post-audit,mark_all_steps_complete,44.592,42.495,66.450
2026-08-24T16:07:44Z,1.8.6-post-audit,audit_log_record,6.959,4.571,117.225
2026-08-24T16:07:44Z,1.8.6-post-audit,build_boot_seq_desktop,1.108,0.170,31.390
2026-08-24T16:07:44Z,1.8.6-post-audit,build_boot_seq_server,0.965,0.000,11.205
2026-08-24T16:07:44Z,1.8.6-post-audit,build_boot_seq_minimal,0.845,0.000,16.025
2026-08-24T16:07:44Z,1.8.6-post-audit,build_boot_seq_edge,0.757,0.000,16.444
2026-08-24T16:07:44Z,1.8.6-post-audit,init_new_desktop,24.041,11.694,10137.000
2026-08-24T16:07:44Z,1.8.6-post-audit,init_new_minimal,5.886,4.431,17.562
2026-08-24T16:07:44Z,1.8.6-post-audit,init_new_edge,5.028,4.012,13.999
2026-08-24T16:07:44Z,1.8.6-post-audit,resolve_order_chain_10,9.552,8.202,44.241
2026-08-24T16:07:44Z,1.8.6-post-audit,resolve_order_chain_50,74.726,72.037,98.787
2026-08-24T16:07:44Z,1.8.6-post-audit,resolve_order_chain_100,185.179,176.101,206.342
2026-08-24T16:07:44Z,1.8.6-post-audit,resolve_waves_desktop,12.693,11.346,50.596
2026-08-24T16:07:44Z,1.8.6-post-audit,plan_shutdown_reboot,12.734,11.625,29.784
2026-08-24T16:07:44Z,1.8.6-post-audit,health_tracker_record,0.240,0.000,10.298
2026-08-24T16:07:44Z,1.8.6-post-audit,health_history_record,0.185,0.000,10.019
2026-08-24T16:07:44Z,1.8.6-post-audit,state_transition_check,0.209,0.000,18.399
2026-08-24T16:07:44Z,1.8.6-post-audit,backoff_delay_compute,0.238,0.000,10.577
2026-08-24T16:07:44Z,1.8.6-post-audit,generate_unit,5.366,3.873,16.514
2026-08-24T16:07:44Z,1.8.6-post-audit,on_service_crash,0.229,0.000,9.320
2026-08-24T16:07:44Z,1.8.6-post-audit,resolve_order_desktop,9.874,8.132,56.882
2026-08-24T16:07:44Z,1.8.6-post-audit,resolve_waves_chain_20,54.019,51.155,76.088
2026-08-24T16:07:44Z,1.8.6-post-audit,resolve_waves_wide_20,12.164,10.368,30.761
2026-08-24T16:07:44Z,1.8.6-post-audit,plan_shutdown_poweroff,12.495,10.857,31.459
2026-08-24T16:07:44Z,1.8.6-post-audit,configure_readonly_rootfs,2.018,0.659,12.113
2026-08-24T16:07:44Z,1.8.6-post-audit,verify_rootfs_integrity,1.685,0.240,16.514
2026-08-24T16:07:44Z,1.8.6-post-audit,stats_desktop,1.236,0.170,12.183
2026-08-24T16:07:44Z,1.8.6-post-audit,generate_tmpfile_cmds_20,12.265,10.507,54.577
2026-08-24T16:07:44Z,1.8.6-post-audit,plan_runlevel_switch,4.715,3.104,35.930
2026-08-24T16:07:44Z,1.8.6-post-audit,mark_all_steps_complete,44.592,42.495,66.450
2026-08-24T16:07:44Z,1.8.6-post-audit,audit_log_record,6.959,4.571,117.225
2026-08-24T16:12:49Z,1.8.6-p-minus-1-audit,build_boot_seq_desktop,1.059,0.000,17.736
2026-08-24T16:12:49Z,1.8.6-p-minus-1-audit,build_boot_seq_server,0.930,0.000,10.334
2026-08-24T16:12:49Z,1.8.6-p-minus-1-audit,build_boot_seq_minimal,0.737,0.000,17.737
2026-08-24T16:12:49Z,1.8.6-p-minus-1-audit,build_boot_seq_edge,0.721,0.000,45.115
2026-08-24T16:12:49Z,1.8.6-p-minus-1-audit,init_new_desktop,23.008,11.171,10114.000
2026-08-24T16:12:49Z,1.8.6-p-minus-1-audit,init_new_minimal,5.584,4.397,13.965
2026-08-24T16:12:49Z,1.8.6-p-minus-1-audit,init_new_edge,4.867,3.978,12.219
2026-08-24T16:12:49Z,1.8.6-p-minus-1-audit,resolve_order_chain_10,9.235,7.680,33.102
2026-08-24T16:12:49Z,1.8.6-p-minus-1-audit,resolve_order_chain_50,72.945,70.606,114.187
2026-08-24T16:12:49Z,1.8.6-p-minus-1-audit,resolve_order_chain_100,182.267,172.855,213.292
2026-08-24T16:12:49Z,1.8.6-p-minus-1-audit,resolve_waves_desktop,12.162,10.543,37.432
2026-08-24T16:12:49Z,1.8.6-p-minus-1-audit,plan_shutdown_reboot,12.290,10.823,36.384
2026-08-24T16:12:49Z,1.8.6-p-minus-1-audit,health_tracker_record,0.215,0.000,29.750
2026-08-24T16:12:49Z,1.8.6-p-minus-1-audit,health_history_record,0.154,0.000,9.636
2026-08-24T16:12:49Z,1.8.6-p-minus-1-audit,state_transition_check,0.160,0.000,14.803
2026-08-24T16:12:49Z,1.8.6-p-minus-1-audit,backoff_delay_compute,0.201,0.000,13.826
2026-08-24T16:12:49Z,1.8.6-p-minus-1-audit,generate_unit,4.835,4.327,13.895
2026-08-24T16:12:49Z,1.8.6-p-minus-1-audit,on_service_crash,0.168,0.000,9.845
2026-08-24T16:12:49Z,1.8.6-p-minus-1-audit,resolve_order_desktop,9.516,7.889,32.194
2026-08-24T16:12:49Z,1.8.6-p-minus-1-audit,resolve_waves_chain_20,52.598,51.190,65.019
2026-08-24T16:12:49Z,1.8.6-p-minus-1-audit,resolve_waves_wide_20,12.059,10.333,51.261
2026-08-24T16:12:49Z,1.8.6-p-minus-1-audit,plan_shutdown_poweroff,12.343,10.753,29.750
2026-08-24T16:12:49Z,1.8.6-p-minus-1-audit,configure_readonly_rootfs,1.993,0.626,19.692
2026-08-24T16:12:49Z,1.8.6-p-minus-1-audit,verify_rootfs_integrity,1.683,0.206,37.292
2026-08-24T16:12:49Z,1.8.6-p-minus-1-audit,stats_desktop,1.172,0.136,36.944
2026-08-24T16:12:49Z,1.8.6-p-minus-1-audit,generate_tmpfile_cmds_20,12.303,10.543,58.943
2026-08-24T16:12:49Z,1.8.6-p-minus-1-audit,plan_runlevel_switch,4.597,3.489,23.883
2026-08-24T16:12:49Z,1.8.6-p-minus-1-audit,mark_all_steps_complete,44.100,42.810,67.255
2026-08-24T16:12:49Z,1.8.6-p-minus-1-audit,audit_log_record,6.949,4.956,59.153
2026-08-24T16:12:49Z,1.8.6-p-minus-1-audit,build_boot_seq_desktop,1.059,0.000,17.736
2026-08-24T16:12:49Z,1.8.6-p-minus-1-audit,build_boot_seq_server,0.930,0.000,10.334
2026-08-24T16:12:49Z,1.8.6-p-minus-1-audit,build_boot_seq_minimal,0.737,0.000,17.737
2026-08-24T16:12:49Z,1.8.6-p-minus-1-audit,build_boot_seq_edge,0.721,0.000,45.115
2026-08-24T16:12:49Z,1.8.6-p-minus-1-audit,init_new_desktop,23.008,11.171,10114.000
2026-08-24T16:12:49Z,1.8.6-p-minus-1-audit,init_new_minimal,5.584,4.397,13.965
2026-08-24T16:12:49Z,1.8.6-p-minus-1-audit,init_new_edge,4.867,3.978,12.219
2026-08-24T16:12:49Z,1.8.6-p-minus-1-audit,resolve_order_chain_10,9.235,7.680,33.102
2026-08-24T16:12:49Z,1.8.6-p-minus-1-audit,resolve_order_chain_50,72.945,70.606,114.187
2026-08-24T16:12:49Z,1.8.6-p-minus-1-audit,resolve_order_chain_100,182.267,172.855,213.292
2026-08-24T16:12:49Z,1.8.6-p-minus-1-audit,resolve_waves_desktop,12.162,10.543,37.432
2026-08-24T16:12:49Z,1.8.6-p-minus-1-audit,plan_shutdown_reboot,12.290,10.823,36.384
2026-08-24T16:12:49Z,1.8.6-p-minus-1-audit,health_tracker_record,0.215,0.000,29.750
2026-08-24T16:12:49Z,1.8.6-p-minus-1-audit,health_history_record,0.154,0.000,9.636
2026-08-24T16:12:49Z,1.8.6-p-minus-1-audit,state_transition_check,0.160,0.000,14.803
2026-08-24T16:12:49Z,1.8.6-p-minus-1-audit,backoff_delay_compute,0.201,0.000,13.826
2026-08-24T16:12:49Z,1.8.6-p-minus-1-audit,generate_unit,4.835,4.327,13.895
2026-08-24T16:12:49Z,1.8.6-p-minus-1-audit,on_service_crash,0.168,0.000,9.845
2026-08-24T16:12:49Z,1.8.6-p-minus-1-audit,resolve_order_desktop,9.516,7.889,32.194
2026-08-24T16:12:49Z,1.8.6-p-minus-1-audit,resolve_waves_chain_20,52.598,51.190,65.019
2026-08-24T16:12:49Z,1.8.6-p-minus-1-audit,resolve_waves_wide_20,12.059,10.333,51.261
2026-08-24T16:12:49Z,1.8.6-p-minus-1-audit,plan_shutdown_poweroff,12.343,10.753,29.750
2026-08-24T16:12:49Z,1.8.6-p-minus-1-audit,configure_readonly_rootfs,1.993,0.626,19.692
2026-08-24T16:12:49Z,1.8.6-p-minus-1-audit,verify_rootfs_integrity,1.683,0.206,37.292
2026-08-24T16:12:49Z,1.8.6-p-minus-1-audit,stats_desktop,1.172,0.136,36.944
2026-08-24T16:12:49Z,1.8.6-p-minus-1-audit,generate_tmpfile_cmds_20,12.303,10.543,58.943
2026-08-24T16:12:49Z,1.8.6-p-minus-1-audit,plan_runlevel_switch,4.597,3.489,23.883
2026-08-24T16:12:49Z,1.8.6-p-minus-1-audit,mark_all_steps_complete,44.100,42.810,67.255
2026-08-24T16:12:49Z,1.8.6-p-minus-1-audit,audit_log_record,6.949,4.956,59.153
2026-08-25T01:54:27Z,1.12.0-extra-env,build_boot_seq_desktop,1.069,0.000,19.776
2026-08-25T01:54:27Z,1.12.0-extra-env,build_boot_seq_server,0.900,0.000,11.046
2026-08-25T01:54:27Z,1.12.0-extra-env,build_boot_seq_minimal,0.753,0.000,11.116
2026-08-25T01:54:27Z,1.12.0-extra-env,build_boot_seq_edge,0.669,0.000,10.627
2026-08-25T01:54:27Z,1.12.0-extra-env,init_new_desktop,23.368,11.465,10182.000
2026-08-25T01:54:27Z,1.12.0-extra-env,init_new_minimal,5.669,4.341,14.608
2026-08-25T01:54:27Z,1.12.0-extra-env,init_new_edge,4.974,3.852,14.050
2026-08-25T01:54:27Z,1.12.0-extra-env,resolve_order_chain_10,9.549,7.903,39.262
2026-08-25T01:54:27Z,1.12.0-extra-env,resolve_order_chain_50,76.224,74.112,87.033
2026-08-25T01:54:27Z,1.12.0-extra-env,resolve_order_chain_100,187.902,182.367,220.570
2026-08-25T01:54:27Z,1.12.0-extra-env,resolve_waves_desktop,12.772,11.116,32.208
2026-08-25T01:54:27Z,1.12.0-extra-env,plan_shutdown_reboot,13.020,11.395,29.693
2026-08-25T01:54:27Z,1.12.0-extra-env,health_tracker_record,0.218,0.000,10.627
2026-08-25T01:54:27Z,1.12.0-extra-env,health_history_record,0.168,0.000,10.139
2026-08-25T01:54:27Z,1.12.0-extra-env,state_transition_check,0.192,0.000,10.627
2026-08-25T01:54:27Z,1.12.0-extra-env,backoff_delay_compute,0.210,0.000,10.208
2026-08-25T01:54:27Z,1.12.0-extra-env,generate_unit,5.146,3.503,14.678
2026-08-25T01:54:27Z,1.12.0-extra-env,on_service_crash,0.205,0.000,10.557
2026-08-25T01:54:27Z,1.12.0-extra-env,resolve_order_desktop,10.033,8.392,32.138
2026-08-25T01:54:27Z,1.12.0-extra-env,resolve_waves_chain_20,56.253,53.510,98.488
2026-08-25T01:54:27Z,1.12.0-extra-env,resolve_waves_wide_20,12.443,10.766,28.297
2026-08-25T01:54:27Z,1.12.0-extra-env,plan_shutdown_poweroff,13.013,11.465,23.617
2026-08-25T01:54:27Z,1.12.0-extra-env,configure_readonly_rootfs,2.064,0.639,13.002
2026-08-25T01:54:27Z,1.12.0-extra-env,verify_rootfs_integrity,1.700,0.569,12.094
2026-08-25T01:54:27Z,1.12.0-extra-env,stats_desktop,1.239,0.150,11.325
2026-08-25T01:54:27Z,1.12.0-extra-env,generate_tmpfile_cmds_20,12.948,11.325,35.002
2026-08-25T01:54:27Z,1.12.0-extra-env,plan_runlevel_switch,4.796,3.363,16.493
2026-08-25T01:54:27Z,1.12.0-extra-env,mark_all_steps_complete,44.899,42.196,68.037
2026-08-25T01:54:27Z,1.12.0-extra-env,audit_log_record,7.209,4.481,206.322
2026-08-25T01:54:27Z,1.12.0-extra-env,build_boot_seq_desktop,1.069,0.000,19.776
2026-08-25T01:54:27Z,1.12.0-extra-env,build_boot_seq_server,0.900,0.000,11.046
2026-08-25T01:54:27Z,1.12.0-extra-env,build_boot_seq_minimal,0.753,0.000,11.116
2026-08-25T01:54:27Z,1.12.0-extra-env,build_boot_seq_edge,0.669,0.000,10.627
2026-08-25T01:54:27Z,1.12.0-extra-env,init_new_desktop,23.368,11.465,10182.000
2026-08-25T01:54:27Z,1.12.0-extra-env,init_new_minimal,5.669,4.341,14.608
2026-08-25T01:54:27Z,1.12.0-extra-env,init_new_edge,4.974,3.852,14.050
2026-08-25T01:54:27Z,1.12.0-extra-env,resolve_order_chain_10,9.549,7.903,39.262
2026-08-25T01:54:27Z,1.12.0-extra-env,resolve_order_chain_50,76.224,74.112,87.033
2026-08-25T01:54:27Z,1.12.0-extra-env,resolve_order_chain_100,187.902,182.367,220.570
2026-08-25T01:54:27Z,1.12.0-extra-env,resolve_waves_desktop,12.772,11.116,32.208
2026-08-25T01:54:27Z,1.12.0-extra-env,plan_shutdown_reboot,13.020,11.395,29.693
2026-08-25T01:54:27Z,1.12.0-extra-env,health_tracker_record,0.218,0.000,10.627
2026-08-25T01:54:27Z,1.12.0-extra-env,health_history_record,0.168,0.000,10.139
2026-08-25T01:54:27Z,1.12.0-extra-env,state_transition_check,0.192,0.000,10.627
2026-08-25T01:54:27Z,1.12.0-extra-env,backoff_delay_compute,0.210,0.000,10.208
2026-08-25T01:54:27Z,1.12.0-extra-env,generate_unit,5.146,3.503,14.678
2026-08-25T01:54:27Z,1.12.0-extra-env,on_service_crash,0.205,0.000,10.557
2026-08-25T01:54:27Z,1.12.0-extra-env,resolve_order_desktop,10.033,8.392,32.138
2026-08-25T01:54:27Z,1.12.0-extra-env,resolve_waves_chain_20,56.253,53.510,98.488
2026-08-25T01:54:27Z,1.12.0-extra-env,resolve_waves_wide_20,12.443,10.766,28.297
2026-08-25T01:54:27Z,1.12.0-extra-env,plan_shutdown_poweroff,13.013,11.465,23.617
2026-08-25T01:54:27Z,1.12.0-extra-env,configure_readonly_rootfs,2.064,0.639,13.002
2026-08-25T01:54:27Z,1.12.0-extra-env,verify_rootfs_integrity,1.700,0.569,12.094
2026-08-25T01:54:27Z,1.12.0-extra-env,stats_desktop,1.239,0.150,11.325
2026-08-25T01:54:27Z,1.12.0-extra-env,generate_tmpfile_cmds_20,12.948,11.325,35.002
2026-08-25T01:54:27Z,1.12.0-extra-env,plan_runlevel_switch,4.796,3.363,16.493
2026-08-25T01:54:27Z,1.12.0-extra-env,mark_all_steps_complete,44.899,42.196,68.037
2026-08-25T01:54:27Z,1.12.0-extra-env,audit_log_record,7.209,4.481,206.322
2026-08-25T03:50:35Z,1.13.1-syscall-portability,build_boot_seq_desktop,1.083,0.000,15.975
2026-08-25T03:50:35Z,1.13.1-syscall-portability,build_boot_seq_server,0.936,0.000,120.737
2026-08-25T03:50:35Z,1.13.1-syscall-portability,build_boot_seq_minimal,0.722,0.000,14.578
2026-08-25T03:50:35Z,1.13.1-syscall-portability,build_boot_seq_edge,0.631,0.000,13.112
2026-08-25T03:50:35Z,1.13.1-syscall-portability,init_new_desktop,23.394,11.505,10147.000
2026-08-25T03:50:35Z,1.13.1-syscall-portability,init_new_minimal,5.771,4.451,14.508
2026-08-25T03:50:35Z,1.13.1-syscall-portability,init_new_edge,5.042,3.473,12.972
2026-08-25T03:50:35Z,1.13.1-syscall-portability,resolve_order_chain_10,9.601,8.083,35.391
2026-08-25T03:50:35Z,1.13.1-syscall-portability,resolve_order_chain_50,77.505,74.641,118.362
2026-08-25T03:50:35Z,1.13.1-syscall-portability,resolve_order_chain_100,190.917,184.013,284.305
2026-08-25T03:50:35Z,1.13.1-syscall-portability,resolve_waves_desktop,13.474,11.366,35.111
2026-08-25T03:50:35Z,1.13.1-syscall-portability,plan_shutdown_reboot,13.091,11.504,42.235
2026-08-25T03:50:35Z,1.13.1-syscall-portability,health_tracker_record,0.190,0.000,11.435
2026-08-25T03:50:35Z,1.13.1-syscall-portability,health_history_record,0.172,0.000,9.829
2026-08-25T03:50:35Z,1.13.1-syscall-portability,state_transition_check,0.175,0.000,9.550
2026-08-25T03:50:35Z,1.13.1-syscall-portability,backoff_delay_compute,0.177,0.000,9.619
2026-08-25T03:50:35Z,1.13.1-syscall-portability,generate_unit,5.185,3.892,13.879
2026-08-25T03:50:35Z,1.13.1-syscall-portability,on_service_crash,0.176,0.000,34.063
2026-08-25T03:50:35Z,1.13.1-syscall-portability,resolve_order_desktop,10.175,8.571,21.981
2026-08-25T03:50:35Z,1.13.1-syscall-portability,resolve_waves_chain_20,56.579,54.597,65.912
2026-08-25T03:50:35Z,1.13.1-syscall-portability,resolve_waves_wide_20,12.541,11.016,47.124
2026-08-25T03:50:35Z,1.13.1-syscall-portability,plan_shutdown_poweroff,13.195,11.505,29.314
2026-08-25T03:50:35Z,1.13.1-syscall-portability,configure_readonly_rootfs,2.106,0.609,12.133
2026-08-25T03:50:35Z,1.13.1-syscall-portability,verify_rootfs_integrity,1.683,0.540,11.086
2026-08-25T03:50:35Z,1.13.1-syscall-portability,stats_desktop,1.231,0.000,11.156
2026-08-25T03:50:35Z,1.13.1-syscall-portability,generate_tmpfile_cmds_20,12.947,11.295,22.540
2026-08-25T03:50:35Z,1.13.1-syscall-portability,plan_runlevel_switch,4.847,3.403,14.369
2026-08-25T03:50:35Z,1.13.1-syscall-portability,mark_all_steps_complete,45.453,42.585,55.645
2026-08-25T03:50:35Z,1.13.1-syscall-portability,audit_log_record,7.296,4.730,120.318
2026-08-25T03:50:35Z,1.13.1-syscall-portability,build_boot_seq_desktop,1.083,0.000,15.975
2026-08-25T03:50:35Z,1.13.1-syscall-portability,build_boot_seq_server,0.936,0.000,120.737
2026-08-25T03:50:35Z,1.13.1-syscall-portability,build_boot_seq_minimal,0.722,0.000,14.578
2026-08-25T03:50:35Z,1.13.1-syscall-portability,build_boot_seq_edge,0.631,0.000,13.112
2026-08-25T03:50:35Z,1.13.1-syscall-portability,init_new_desktop,23.394,11.505,10147.000
2026-08-25T03:50:35Z,1.13.1-syscall-portability,init_new_minimal,5.771,4.451,14.508
2026-08-25T03:50:35Z,1.13.1-syscall-portability,init_new_edge,5.042,3.473,12.972
2026-08-25T03:50:35Z,1.13.1-syscall-portability,resolve_order_chain_10,9.601,8.083,35.391
2026-08-25T03:50:35Z,1.13.1-syscall-portability,resolve_order_chain_50,77.505,74.641,118.362
2026-08-25T03:50:35Z,1.13.1-syscall-portability,resolve_order_chain_100,190.917,184.013,284.305
2026-08-25T03:50:35Z,1.13.1-syscall-portability,resolve_waves_desktop,13.474,11.366,35.111
2026-08-25T03:50:35Z,1.13.1-syscall-portability,plan_shutdown_reboot,13.091,11.504,42.235
2026-08-25T03:50:35Z,1.13.1-syscall-portability,health_tracker_record,0.190,0.000,11.435
2026-08-25T03:50:35Z,1.13.1-syscall-portability,health_history_record,0.172,0.000,9.829
2026-08-25T03:50:35Z,1.13.1-syscall-portability,state_transition_check,0.175,0.000,9.550
2026-08-25T03:50:35Z,1.13.1-syscall-portability,backoff_delay_compute,0.177,0.000,9.619
2026-08-25T03:50:35Z,1.13.1-syscall-portability,generate_unit,5.185,3.892,13.879
2026-08-25T03:50:35Z,1.13.1-syscall-portability,on_service_crash,0.176,0.000,34.063
2026-08-25T03:50:35Z,1.13.1-syscall-portability,resolve_order_desktop,10.175,8.571,21.981
2026-08-25T03:50:35Z,1.13.1-syscall-portability,resolve_waves_chain_20,56.579,54.597,65.912
2026-08-25T03:50:35Z,1.13.1-syscall-portability,resolve_waves_wide_20,12.541,11.016,47.124
2026-08-25T03:50:35Z,1.13.1-syscall-portability,plan_shutdown_poweroff,13.195,11.505,29.314
2026-08-25T03:50:35Z,1.13.1-syscall-portability,configure_readonly_rootfs,2.106,0.609,12.133
2026-08-25T03:50:35Z,1.13.1-syscall-portability,verify_rootfs_integrity,1.683,0.540,11.086
2026-08-25T03:50:35Z,1.13.1-syscall-portability,stats_desktop,1.231,0.000,11.156
2026-08-25T03:50:35Z,1.13.1-syscall-portability,generate_tmpfile_cmds_20,12.947,11.295,22.540
2026-08-25T03:50:35Z,1.13.1-syscall-portability,plan_runlevel_switch,4.847,3.403,14.369
2026-08-25T03:50:35Z,1.13.1-syscall-portability,mark_all_steps_complete,45.453,42.585,55.645
2026-08-25T03:50:35Z,1.13.1-syscall-portability,audit_log_record,7.296,4.730,120.318
2026-08-25T04:27:05Z,1.13.2-exec-resolve,build_boot_seq_desktop,1.116,0.000,17.753
2026-08-25T04:27:05Z,1.13.2-exec-resolve,build_boot_seq_server,0.953,0.000,13.982
2026-08-25T04:27:05Z,1.13.2-exec-resolve,build_boot_seq_minimal,0.736,0.000,11.188
2026-08-25T04:27:05Z,1.13.2-exec-resolve,build_boot_seq_edge,0.664,0.000,11.327
2026-08-25T04:27:05Z,1.13.2-exec-resolve,init_new_desktop,23.733,11.468,10138.000
2026-08-25T04:27:05Z,1.13.2-exec-resolve,init_new_minimal,5.877,4.413,17.333
2026-08-25T04:27:05Z,1.13.2-exec-resolve,init_new_edge,5.131,3.645,15.518
2026-08-25T04:27:05Z,1.13.2-exec-resolve,resolve_order_chain_10,9.721,7.905,25.506
2026-08-25T04:27:05Z,1.13.2-exec-resolve,resolve_order_chain_50,78.197,75.233,99.187
2026-08-25T04:27:05Z,1.13.2-exec-resolve,resolve_order_chain_100,190.998,184.184,209.537
2026-08-25T04:27:05Z,1.13.2-exec-resolve,resolve_waves_desktop,13.074,11.327,38.146
2026-08-25T04:27:05Z,1.13.2-exec-resolve,plan_shutdown_reboot,13.178,11.397,29.766
2026-08-25T04:27:05Z,1.13.2-exec-resolve,health_tracker_record,0.223,0.000,10.350
2026-08-25T04:27:05Z,1.13.2-exec-resolve,health_history_record,0.190,0.000,11.677
2026-08-25T04:27:05Z,1.13.2-exec-resolve,state_transition_check,0.180,0.000,30.255
2026-08-25T04:27:05Z,1.13.2-exec-resolve,backoff_delay_compute,0.212,0.000,10.210
2026-08-25T04:27:05Z,1.13.2-exec-resolve,generate_unit,5.249,3.645,17.334
2026-08-25T04:27:05Z,1.13.2-exec-resolve,on_service_crash,0.203,0.000,10.769
2026-08-25T04:27:05Z,1.13.2-exec-resolve,resolve_order_desktop,10.292,8.534,34.515
2026-08-25T04:27:05Z,1.13.2-exec-resolve,resolve_waves_chain_20,56.470,54.140,72.787
2026-08-25T04:27:05Z,1.13.2-exec-resolve,resolve_waves_wide_20,12.786,11.048,29.277
2026-08-25T04:27:05Z,1.13.2-exec-resolve,plan_shutdown_poweroff,13.185,11.467,35.353
2026-08-25T04:27:05Z,1.13.2-exec-resolve,configure_readonly_rootfs,2.105,0.641,13.213
2026-08-25T04:27:05Z,1.13.2-exec-resolve,verify_rootfs_integrity,1.681,0.223,12.724
2026-08-25T04:27:05Z,1.13.2-exec-resolve,stats_desktop,1.269,0.083,12.514
2026-08-25T04:27:05Z,1.13.2-exec-resolve,generate_tmpfile_cmds_20,12.961,11.187,39.892
2026-08-25T04:27:05Z,1.13.2-exec-resolve,plan_runlevel_switch,4.909,3.435,28.299
2026-08-25T04:27:05Z,1.13.2-exec-resolve,mark_all_steps_complete,45.420,42.057,68.528
2026-08-25T04:27:05Z,1.13.2-exec-resolve,audit_log_record,7.235,4.762,40.102
2026-08-25T04:27:05Z,1.13.2-exec-resolve,build_boot_seq_desktop,1.116,0.000,17.753
2026-08-25T04:27:05Z,1.13.2-exec-resolve,build_boot_seq_server,0.953,0.000,13.982
2026-08-25T04:27:05Z,1.13.2-exec-resolve,build_boot_seq_minimal,0.736,0.000,11.188
2026-08-25T04:27:05Z,1.13.2-exec-resolve,build_boot_seq_edge,0.664,0.000,11.327
2026-08-25T04:27:05Z,1.13.2-exec-resolve,init_new_desktop,23.733,11.468,10138.000
2026-08-25T04:27:05Z,1.13.2-exec-resolve,init_new_minimal,5.877,4.413,17.333
2026-08-25T04:27:05Z,1.13.2-exec-resolve,init_new_edge,5.131,3.645,15.518
2026-08-25T04:27:05Z,1.13.2-exec-resolve,resolve_order_chain_10,9.721,7.905,25.506
2026-08-25T04:27:05Z,1.13.2-exec-resolve,resolve_order_chain_50,78.197,75.233,99.187
2026-08-25T04:27:05Z,1.13.2-exec-resolve,resolve_order_chain_100,190.998,184.184,209.537
2026-08-25T04:27:05Z,1.13.2-exec-resolve,resolve_waves_desktop,13.074,11.327,38.146
2026-08-25T04:27:05Z,1.13.2-exec-resolve,plan_shutdown_reboot,13.178,11.397,29.766
2026-08-25T04:27:05Z,1.13.2-exec-resolve,health_tracker_record,0.223,0.000,10.350
2026-08-25T04:27:05Z,1.13.2-exec-resolve,health_history_record,0.190,0.000,11.677
2026-08-25T04:27:05Z,1.13.2-exec-resolve,state_transition_check,0.180,0.000,30.255
2026-08-25T04:27:05Z,1.13.2-exec-resolve,backoff_delay_compute,0.212,0.000,10.210
2026-08-25T04:27:05Z,1.13.2-exec-resolve,generate_unit,5.249,3.645,17.334
2026-08-25T04:27:05Z,1.13.2-exec-resolve,on_service_crash,0.203,0.000,10.769
2026-08-25T04:27:05Z,1.13.2-exec-resolve,resolve_order_desktop,10.292,8.534,34.515
2026-08-25T04:27:05Z,1.13.2-exec-resolve,resolve_waves_chain_20,56.470,54.140,72.787
2026-08-25T04:27:05Z,1.13.2-exec-resolve,resolve_waves_wide_20,12.786,11.048,29.277
2026-08-25T04:27:05Z,1.13.2-exec-resolve,plan_shutdown_poweroff,13.185,11.467,35.353
2026-08-25T04:27:05Z,1.13.2-exec-resolve,configure_readonly_rootfs,2.105,0.641,13.213
2026-08-25T04:27:05Z,1.13.2-exec-resolve,verify_rootfs_integrity,1.681,0.223,12.724
2026-08-25T04:27:05Z,1.13.2-exec-resolve,stats_desktop,1.269,0.083,12.514
2026-08-25T04:27:05Z,1.13.2-exec-resolve,generate_tmpfile_cmds_20,12.961,11.187,39.892
2026-08-25T04:27:05Z,1.13.2-exec-resolve,plan_runlevel_switch,4.909,3.435,28.299
2026-08-25T04:27:05Z,1.13.2-exec-resolve,mark_all_steps_complete,45.420,42.057,68.528
2026-08-25T04:27:05Z,1.13.2-exec-resolve,audit_log_record,7.235,4.762,40.102
2026-08-25T04:31:09Z,1.13.2-exec-bounded,build_boot_seq_desktop,1.119,0.000,13.497
2026-08-25T04:31:09Z,1.13.2-exec-bounded,build_boot_seq_server,0.991,0.000,11.192
2026-08-25T04:31:09Z,1.13.2-exec-bounded,build_boot_seq_minimal,0.765,0.000,10.494
2026-08-25T04:31:09Z,1.13.2-exec-bounded,build_boot_seq_edge,0.690,0.000,11.261
2026-08-25T04:31:09Z,1.13.2-exec-bounded,init_new_desktop,23.460,11.541,10124.000
2026-08-25T04:31:09Z,1.13.2-exec-bounded,init_new_minimal,5.852,4.347,22.017
2026-08-25T04:31:09Z,1.13.2-exec-bounded,init_new_edge,5.074,3.858,16.919
2026-08-25T04:31:09Z,1.13.2-exec-bounded,resolve_order_chain_10,9.631,8.049,23.483
2026-08-25T04:31:09Z,1.13.2-exec-bounded,resolve_order_chain_50,77.549,74.678,97.096
2026-08-25T04:31:09Z,1.13.2-exec-bounded,resolve_order_chain_100,190.406,183.350,207.027
2026-08-25T04:31:09Z,1.13.2-exec-bounded,resolve_waves_desktop,12.985,11.191,41.153
2026-08-25T04:31:09Z,1.13.2-exec-bounded,plan_shutdown_reboot,13.109,11.191,43.249
2026-08-25T04:31:09Z,1.13.2-exec-bounded,health_tracker_record,0.225,0.000,10.144
2026-08-25T04:31:09Z,1.13.2-exec-bounded,health_history_record,0.199,0.000,10.145
2026-08-25T04:31:09Z,1.13.2-exec-bounded,state_transition_check,0.196,0.000,11.191
2026-08-25T04:31:09Z,1.13.2-exec-bounded,backoff_delay_compute,0.224,0.000,10.983
2026-08-25T04:31:09Z,1.13.2-exec-bounded,generate_unit,5.229,3.859,16.919
2026-08-25T04:31:09Z,1.13.2-exec-bounded,on_service_crash,0.208,0.000,10.563
2026-08-25T04:31:09Z,1.13.2-exec-bounded,resolve_order_desktop,10.176,8.538,23.973
2026-08-25T04:31:09Z,1.13.2-exec-bounded,resolve_waves_chain_20,56.243,53.935,77.960
2026-08-25T04:31:09Z,1.13.2-exec-bounded,resolve_waves_wide_20,12.642,10.982,41.154
2026-08-25T04:31:09Z,1.13.2-exec-bounded,plan_shutdown_poweroff,13.165,11.401,37.731
2026-08-25T04:31:09Z,1.13.2-exec-bounded,configure_readonly_rootfs,2.096,0.645,12.379
2026-08-25T04:31:09Z,1.13.2-exec-bounded,verify_rootfs_integrity,1.738,0.576,14.474
2026-08-25T04:31:09Z,1.13.2-exec-bounded,stats_desktop,1.263,0.156,23.065
2026-08-25T04:31:09Z,1.13.2-exec-bounded,generate_tmpfile_cmds_20,12.904,11.192,34.100
2026-08-25T04:31:09Z,1.13.2-exec-bounded,plan_runlevel_switch,4.828,3.439,24.950
2026-08-25T04:31:09Z,1.13.2-exec-bounded,mark_all_steps_complete,45.390,40.944,59.731
2026-08-25T04:31:09Z,1.13.2-exec-bounded,audit_log_record,7.277,4.626,111.833
2026-08-25T04:31:09Z,1.13.2-exec-bounded,build_boot_seq_desktop,1.119,0.000,13.497
2026-08-25T04:31:09Z,1.13.2-exec-bounded,build_boot_seq_server,0.991,0.000,11.192
2026-08-25T04:31:09Z,1.13.2-exec-bounded,build_boot_seq_minimal,0.765,0.000,10.494
2026-08-25T04:31:09Z,1.13.2-exec-bounded,build_boot_seq_edge,0.690,0.000,11.261
2026-08-25T04:31:09Z,1.13.2-exec-bounded,init_new_desktop,23.460,11.541,10124.000
2026-08-25T04:31:09Z,1.13.2-exec-bounded,init_new_minimal,5.852,4.347,22.017
2026-08-25T04:31:09Z,1.13.2-exec-bounded,init_new_edge,5.074,3.858,16.919
2026-08-25T04:31:09Z,1.13.2-exec-bounded,resolve_order_chain_10,9.631,8.049,23.483
2026-08-25T04:31:09Z,1.13.2-exec-bounded,resolve_order_chain_50,77.549,74.678,97.096
2026-08-25T04:31:09Z,1.13.2-exec-bounded,resolve_order_chain_100,190.406,183.350,207.027
2026-08-25T04:31:09Z,1.13.2-exec-bounded,resolve_waves_desktop,12.985,11.191,41.153
2026-08-25T04:31:09Z,1.13.2-exec-bounded,plan_shutdown_reboot,13.109,11.191,43.249
2026-08-25T04:31:09Z,1.13.2-exec-bounded,health_tracker_record,0.225,0.000,10.144
2026-08-25T04:31:09Z,1.13.2-exec-bounded,health_history_record,0.199,0.000,10.145
2026-08-25T04:31:09Z,1.13.2-exec-bounded,state_transition_check,0.196,0.000,11.191
2026-08-25T04:31:09Z,1.13.2-exec-bounded,backoff_delay_compute,0.224,0.000,10.983
2026-08-25T04:31:09Z,1.13.2-exec-bounded,generate_unit,5.229,3.859,16.919
2026-08-25T04:31:09Z,1.13.2-exec-bounded,on_service_crash,0.208,0.000,10.563
2026-08-25T04:31:09Z,1.13.2-exec-bounded,resolve_order_desktop,10.176,8.538,23.973
2026-08-25T04:31:09Z,1.13.2-exec-bounded,resolve_waves_chain_20,56.243,53.935,77.960
2026-08-25T04:31:09Z,1.13.2-exec-bounded,resolve_waves_wide_20,12.642,10.982,41.154
2026-08-25T04:31:09Z,1.13.2-exec-bounded,plan_shutdown_poweroff,13.165,11.401,37.731
2026-08-25T04:31:09Z,1.13.2-exec-bounded,configure_readonly_rootfs,2.096,0.645,12.379
2026-08-25T04:31:09Z,1.13.2-exec-bounded,verify_rootfs_integrity,1.738,0.576,14.474
2026-08-25T04:31:09Z,1.13.2-exec-bounded,stats_desktop,1.263,0.156,23.065
2026-08-25T04:31:09Z,1.13.2-exec-bounded,generate_tmpfile_cmds_20,12.904,11.192,34.100
2026-08-25T04:31:09Z,1.13.2-exec-bounded,plan_runlevel_switch,4.828,3.439,24.950
2026-08-25T04:31:09Z,1.13.2-exec-bounded,mark_all_steps_complete,45.390,40.944,59.731
2026-08-25T04:31:09Z,1.13.2-exec-bounded,audit_log_record,7.277,4.626,111.833
